Market Name,Chain Name,Chain ID,Token Symbol,Token Name,Supply APY (%),Borrow APY (%),Incentive Supply APR (%),Incentive Borrow APR (%),Can Borrow,Can Be Collateral,Has Incentives,Total Supply,Available Liquidity,Utilization Rate (%),Status
"AaveV3Ethereum","Ethereum",1,"1INCH","1INCH Token",0.11,1.69,0,0,true,true,false,4663283.243500443433741045,4272718.628433375280033024,8.38,"Active"
"AaveV3Ethereum","Ethereum",1,"AAVE","Aave Token",0,0,0,0,false,true,false,1620853.599755324763156117,0,0,"Active"
"AaveV3Ethereum","Ethereum",1,"BAL","Balancer",0.27,6.90,0,0,true,true,false,8241070.556799964367638372,7826521.861864601937606958,5.03,"Active"
"AaveV3Ethereum","Ethereum",1,"cbBTC","Coinbase Wrapped BTC",0.00,0.13,0,0,true,true,false,16151.72920039,15724.48685404,2.65,"Active"
"AaveV3Ethereum","Ethereum",1,"cbETH","Coinbase Wrapped Staked ETH",0.00,0.06,0,0,true,true,false,8453.829897950592633741,8419.344478028338845852,0.41,"Active"
"AaveV3Ethereum","Ethereum",1,"CRV","Curve DAO Token",1.06,7.98,0,0,true,true,false,16390663.9102054902186677,12938294.798086382741203322,21.06,"Active"
"AaveV3Ethereum","Ethereum",1,"crvUSD","Curve.Fi USD Stablecoin",2.52,4.73,0,0,true,false,false,305961.401209886034098734,100194.1993491667581963,67.25,"Active"
"AaveV3Ethereum","Ethereum",1,"DAI","Dai Stablecoin",4.04,6.30,0,0,true,true,false,156732637.475024931204202543,21208329.719524633046744178,86.47,"Active"
"AaveV3Ethereum","Ethereum",1,"eBTC","ether.fi BTC",0,0,0,0,true,true,false,759.83787629,759.83787629,0,"Active"
"AaveV3Ethereum","Ethereum",1,"ENS","Ethereum Name Service",0.04,1.05,0,0,true,true,false,39324.264633248472072067,37279.990412933349620256,5.20,"Active"
"AaveV3Ethereum","Ethereum",1,"ETHx","ETHx",0.00,0.00,0.30,0,true,true,true,19293.40674280826989393,19288.982852395327120052,0.02,"Active"
"AaveV3Ethereum","Ethereum",1,"EURC","Euro Coin",3.81,5.40,0,0,true,true,true,28151444.40926,5934968.611534,78.92,"Active"
"AaveV3Ethereum","Ethereum",1,"eUSDe","Ethereal Pre-deposit Vault",0,0,0,0,true,true,false,63727162.609582100592156307,63727162.609582100592156307,0,"Active"
"AaveV3Ethereum","Ethereum",1,"ezETH","Renzo Restaked ETH",0,0,0,0,false,true,false,49355.804522104608451116,0,0,"Active"
"AaveV3Ethereum","Ethereum",1,"FBTC","Fire Bitcoin",0.00,0.03,0,0,true,true,false,752.1766914,749.84862334,0.31,"Active"
"AaveV3Ethereum","Ethereum",1,"FRAX","Frax",2.87,4.76,0,0,true,false,false,291748.617892927829735246,69598.089265376072088129,76.14,"Active"
"AaveV3Ethereum","Ethereum",1,"FXS","Frax Share",0.00,0.24,0,0,true,false,false,466.440778376675874484,460.926197123770564653,1.18,"Frozen"
"AaveV3Ethereum","Ethereum",1,"GHO","Gho Token",0,5.92,0,0,true,false,false,211144642.136849643603411494,45891910.166331926575931311,78.27,"Active"
"AaveV3Ethereum","Ethereum",1,"KNC","Kyber Network Crystal v2",0.51,3.65,0,0,true,false,false,57919.695729333032806072,47441.987466095667930322,18.09,"Frozen"
"AaveV3Ethereum","Ethereum",1,"LBTC","Lombard Staked Bitcoin",0.00,0.00,0,0,true,true,false,1493.57792494,1493.49153638,0.01,"Active"
"AaveV3Ethereum","Ethereum",1,"LDO","Lido DAO Token",0.12,1.55,0,0,true,true,false,2449569.924391898833253857,2207031.318666013158506032,9.90,"Active"
"AaveV3Ethereum","Ethereum",1,"LINK","ChainLink Token",0.02,0.57,0,0,true,true,false,15135558.969960951005173382,14579111.352218477124974394,3.68,"Active"
"AaveV3Ethereum","Ethereum",1,"LUSD","LUSD Stablecoin",3.25,5.87,0,0,true,false,false,2779543.322311299357814816,829161.568298011856893403,70.17,"Active"
"AaveV3Ethereum","Ethereum",1,"MKR","Maker",0.00,0.01,0,0,true,true,false,1626.519452044196700146,1625.076623106412439971,0.09,"Active"
"AaveV3Ethereum","Ethereum",1,"osETH","Staked ETH",0.00,0.00,0,0,true,true,false,146954.212562308055960171,146946.042391182124483008,0.01,"Active"
"AaveV3Ethereum","Ethereum",1,"PT-eUSDE-14AUG2025","PT Ethereal eUSDE 14AUG2025",0,0,0,0,true,true,false,72457.425131231234888024,72457.425131231234888024,0,"Active"
"AaveV3Ethereum","Ethereum",1,"PT-eUSDE-29MAY2025","PT Ethereal eUSDE 29MAY2025",0,0,0,0,true,true,false,1803.823046466659241848,1803.823046466659241848,0,"Active"
"AaveV3Ethereum","Ethereum",1,"PT-sUSDE-25SEP2025","PT Ethena sUSDE 25SEP2025",0,0,0,0,true,true,false,1800454760.745202547359605274,1800454760.745202547359605274,0,"Active"
"AaveV3Ethereum","Ethereum",1,"PT-sUSDE-27NOV2025","PT Ethena sUSDE 27NOV2025",0,0,0,0,true,true,false,936705067.758006205646451321,936705067.758006205646451321,0,"Active"
"AaveV3Ethereum","Ethereum",1,"PT-sUSDE-31JUL2025","PT Ethena sUSDE 31JUL2025",0,0,0,0,true,true,false,3150.453736398217828105,3150.453736398217828105,0,"Active"
"AaveV3Ethereum","Ethereum",1,"PT-USDe-25SEP2025","PT Ethena USDe 25SEP2025",0,0,0,0,true,true,false,1730802679.044944691887741333,1730802679.044944691887741333,0,"Active"
"AaveV3Ethereum","Ethereum",1,"PT-USDe-27NOV2025","PT Ethena USDe 27NOV2025",0,0,0,0,true,true,false,862709387.878809388155622793,862709387.878809388155622793,0,"Active"
"AaveV3Ethereum","Ethereum",1,"PT-USDe-31JUL2025","PT Ethena USDe 31JUL2025",0,0,0,0,true,true,false,3159.616417995531870545,3159.616417995531870545,0,"Active"
"AaveV3Ethereum","Ethereum",1,"PYUSD","PayPal USD",2.00,5.87,0,0,true,true,false,11682062.186189,6605659.698439,43.45,"Active"
"AaveV3Ethereum","Ethereum",1,"rETH","Rocket Pool ETH",0.00,0.07,0,0,true,true,false,36182.905326912980184118,36018.15317908237816047,0.46,"Active"
"AaveV3Ethereum","Ethereum",1,"RLUSD","RLUSD",1.04,4.52,0,0,true,false,false,409050828.183332423815430617,288924339.262507967249223577,29.37,"Active"
"AaveV3Ethereum","Ethereum",1,"RPL","Rocket Pool Protocol",2.79,6.24,0,0,true,false,false,502077.92051694472617957,215863.47614970047422145,57.01,"Active"
"AaveV3Ethereum","Ethereum",1,"rsETH","rsETH",0.00,0.00,0,0,true,true,false,224326.829568895148593091,224284.75322387359419393,0.02,"Active"
"AaveV3Ethereum","Ethereum",1,"sDAI","Savings Dai",0,0,0,0,false,true,false,485308.574027885521400271,0,0,"Active"
"AaveV3Ethereum","Ethereum",1,"SNX","Synthetix Network Token",0.22,16.88,0,0,true,false,false,415636.384273358074277891,295481.7263900479233133,28.91,"Active"
"AaveV3Ethereum","Ethereum",1,"STG","StargateToken",0.01,0.33,0,0,true,false,false,477.896420240231426861,467.790862690156029616,2.11,"Frozen"
"AaveV3Ethereum","Ethereum",1,"sUSDe","Staked USDe",0,0,0,0,false,true,false,1151166601.927655838711544256,0,0,"Active"
"AaveV3Ethereum","Ethereum",1,"tBTC","tBTC v2",0.00,0.15,0,0,true,true,false,2059.814114567704855332,1999.624837652553881376,2.92,"Active"
"AaveV3Ethereum","Ethereum",1,"tETH","Treehouse ETH",0,0,0,0,false,true,false,3257.30458392004525659,0,0,"Active"
"AaveV3Ethereum","Ethereum",1,"UNI","Uniswap",0.16,1.77,0,0,true,true,false,2211211.27187497306384524,1961192.389060762488049844,11.31,"Active"
"AaveV3Ethereum","Ethereum",1,"USDC","USD Coin",5.12,6.46,0,0,true,true,false,5980954062.971693,679316878.048827,88.64,"Active"
"AaveV3Ethereum","Ethereum",1,"USDe","USDe",4.47,7.22,0,0,true,true,false,1693102355.518384867462831914,277637442.435676931290504068,83.60,"Active"
"AaveV3Ethereum","Ethereum",1,"USDS","USDS Stablecoin",4.23,6.30,0,0,true,true,true,80385451.89783028528083325,19909667.429171146347510367,75.23,"Active"
"AaveV3Ethereum","Ethereum",1,"USDT","Tether USD",4.62,6.13,0,0,true,true,false,8302366539.908131,1305679033.572642,84.27,"Active"
"AaveV3Ethereum","Ethereum",1,"USDtb","USDtb",2.79,5.43,0,0,true,false,false,101830941.503666625128851699,35575077.63371161588852726,65.06,"Active"
"AaveV3Ethereum","Ethereum",1,"WBTC","Wrapped BTC",0.01,0.24,0,0,true,true,false,45578.95071141,43361.2163551,4.87,"Active"
"AaveV3Ethereum","Ethereum",1,"weETH","Wrapped eETH",0.00,1.02,0,0,true,true,false,1675190.831667168097623944,1673973.057697517281890706,0.07,"Active"
"AaveV3Ethereum","Ethereum",1,"WETH","Wrapped Ether",1.54,2.28,0,0,true,true,false,2530042.200350939946446135,514130.295218999704087988,79.68,"Active"
"AaveV3Ethereum","Ethereum",1,"wstETH","Wrapped liquid staked Ether 2.0",0.03,0.23,0,0,true,true,false,1177615.278168686788379963,957805.531772136074456457,18.67,"Active"
"AaveV3Ethereum","Ethereum",1,"XAUt","Tether Gold",0,0,0,0,true,true,false,1991.771765,1991.771765,0,"Active"
"AaveV3EthereumEtherFi","Ethereum",1,"FRAX","Frax",0.01,0.20,0,0,true,false,false,546671.257043570892330362,529120.018213591262623671,3.21,"Active"
"AaveV3EthereumEtherFi","Ethereum",1,"PYUSD","PayPal USD",0.00,0.00,0,0,true,false,false,111.600827,111.600744,0.00,"Active"
"AaveV3EthereumEtherFi","Ethereum",1,"USDC","USD Coin",1.25,2.95,0,0,true,false,false,12555.928076,6574.393618,47.64,"Active"
"AaveV3EthereumEtherFi","Ethereum",1,"weETH","Wrapped eETH",0,0,0,0,false,true,false,39.196814082562140896,0,0,"Active"
"AaveV3EthereumHorizon","Ethereum",1,"GHO","Gho Token",0,4.86,0,0,true,false,false,1000100,1000100,0,"Active"
"AaveV3EthereumHorizon","Ethereum",1,"JAAA","Janus Henderson Anemoy AAA CLO Fund Token",0,0,0,0,false,true,false,996244.213943,0,0,"Active"
"AaveV3EthereumHorizon","Ethereum",1,"JTRSY","Janus Henderson Anemoy Treasury Fund",0,0,0,0,false,true,false,31585495.438027,0,0,"Active"
"AaveV3EthereumHorizon","Ethereum",1,"RLUSD","RLUSD",1.01,2.53,0,0,true,false,false,46017030.422328896653521663,25346323.786440808489687649,44.92,"Active"
"AaveV3EthereumHorizon","Ethereum",1,"USCC","Superstate Crypto Carry Fund",0,0,0,0,false,true,false,3679829.007909,0,0,"Active"
"AaveV3EthereumHorizon","Ethereum",1,"USDC","USD Coin",6.25,7.78,0,0,true,false,false,15894931.455663,1600633.014599,89.93,"Active"
"AaveV3EthereumHorizon","Ethereum",1,"USTB","Superstate Short Duration US Government Securities Fund",0,0,0,0,false,true,false,359697.133411,0,0,"Active"
"AaveV3EthereumHorizon","Ethereum",1,"USYC","US Yield Coin",0,0,0,0,false,true,false,0,0,0,"Active"
"AaveV3EthereumLido","Ethereum",1,"ezETH","Renzo Restaked ETH",0,0,0,0,true,true,false,69320.388646484919033307,69320.388646484919033307,0,"Active"
"AaveV3EthereumLido","Ethereum",1,"GHO","Gho Token",4.24,5.56,0,0,true,false,false,148190730.566623739105387494,21835367.060361310446541208,85.27,"Active"
"AaveV3EthereumLido","Ethereum",1,"rsETH","rsETH",0,0,0,0,true,true,false,7.253458775824515943,7.253458775824515943,0,"Active"
"AaveV3EthereumLido","Ethereum",1,"sUSDe","Staked USDe",0,0.05,0,0,true,true,false,1621412.323035343951943935,1621412.323035343951943935,0,"Active"
"AaveV3EthereumLido","Ethereum",1,"tETH","Treehouse ETH",0,0,0,0,true,true,false,37657.88643556022429603,37657.88643556022429603,0,"Active"
"AaveV3EthereumLido","Ethereum",1,"USDC","USD Coin",4.62,5.63,0,0,true,false,false,9388064.141533,787462.70611,91.61,"Active"
"AaveV3EthereumLido","Ethereum",1,"USDS","USDS Stablecoin",4.63,5.65,0,0,true,false,true,4230869.532248443411217415,358364.354432989483606814,91.53,"Active"
"AaveV3EthereumLido","Ethereum",1,"WETH","Wrapped Ether",1.64,2.25,0,0,true,true,false,105560.547757637063981638,14683.06227352010766843,86.09,"Active"
"AaveV3EthereumLido","Ethereum",1,"wstETH","Wrapped liquid staked Ether 2.0",0.12,0.27,0,0,true,true,false,196107.113971997242124947,108341.707832980353902287,44.75,"Active"
"AaveV3Optimism","Optimism",10,"AAVE","Aave Token",0,0,0,0,false,true,false,5424.68495851518699391,0,0,"Active"
"AaveV3Optimism","Optimism",10,"DAI","Dai Stablecoin",4.46,6.70,0,0,true,true,false,1430736.998159704036781797,146326.675957547176371538,89.77,"Active"
"AaveV3Optimism","Optimism",10,"LINK","ChainLink Token",0.01,0.34,0,0,true,true,false,115244.764701830090025191,112723.438770813013521298,2.19,"Active"
"AaveV3Optimism","Optimism",10,"LUSD","LUSD Stablecoin",2.57,7.24,0,0,true,false,false,77193.77862572731057116,21117.527639425095913833,72.64,"Active"
"AaveV3Optimism","Optimism",10,"MAI","Mai Stablecoin",0.05,3.72,0,0,true,false,false,8519.438846531777371632,5943.356503580805314167,30.24,"Frozen"
"AaveV3Optimism","Optimism",10,"OP","Optimism",0.04,0.89,0,0,true,true,false,15271647.244117433298487257,14405788.521576885657644955,5.67,"Active"
"AaveV3Optimism","Optimism",10,"rETH","Rocket Pool ETH",0.00,0.04,0,0,true,true,false,1755.645763169343998635,1751.303679530406124358,0.25,"Active"
"AaveV3Optimism","Optimism",10,"sUSD","Synth sUSD",7.32,11.36,0,0,true,false,false,191106.488997673721690935,34198.868019525032894805,82.10,"Active"
"AaveV3Optimism","Optimism",10,"USDC","USD Coin",2.41,7.55,0,0,true,true,false,2829306.6842,975470.594284,65.52,"Active"
"AaveV3Optimism","Optimism",10,"USDC","USD Coin",5.23,6.60,0,0,true,true,false,26683595.16536,3056214.121625,88.55,"Active"
"AaveV3Optimism","Optimism",10,"USDT","Tether USD",4.42,6.07,0,0,true,true,false,12229355.493183,2250919.888138,81.59,"Active"
"AaveV3Optimism","Optimism",10,"WBTC","Wrapped BTC",0.01,0.23,0,0,true,true,false,330.55244901,315.15744294,4.66,"Active"
"AaveV3Optimism","Optimism",10,"WETH","Wrapped Ether",1.63,2.37,0,0,true,true,false,14235.057509289646578131,2697.669269438614962113,81.05,"Active"
"AaveV3Optimism","Optimism",10,"wstETH","Wrapped liquid staked Ether 2.0",0.00,0.28,0,0,true,true,false,14364.165395712400547536,14318.799744444263285191,0.32,"Active"
"AaveV3BNB","BSC",56,"BTCB","BTCB Token",0.01,0.42,0,0,true,true,false,1165.644419092337688498,1133.962879995176886245,2.72,"Active"
"AaveV3BNB","BSC",56,"Cake","PancakeSwap Token",0.52,3.22,0,0,true,true,false,768697.101945942250564904,612289.029282753241046603,20.35,"Active"
"AaveV3BNB","BSC",56,"ETH","Ethereum Token",0.79,1.78,0,0,true,true,false,7306.051644195851118346,3477.303916689440256534,52.41,"Active"
"AaveV3BNB","BSC",56,"FDUSD","First Digital USD",4.54,6.54,0,0,true,true,false,1752498.158674022372383009,215993.55499298578767006,87.68,"Active"
"AaveV3BNB","BSC",56,"USDC","USD Coin",3.86,5.67,0,0,true,true,false,27141064.464952195638797148,6421934.99026805739780738,76.34,"Active"
"AaveV3BNB","BSC",56,"USDT","Tether USD",5.29,6.65,0,0,true,true,false,78233939.598242084431731235,8536465.890173004599416115,89.09,"Active"
"AaveV3BNB","BSC",56,"WBNB","Wrapped BNB",0.16,1.76,0,0,true,true,false,137205.393242116389926152,121840.69426568050401109,11.20,"Active"
"AaveV3BNB","BSC",56,"wstETH","Wrapped liquid staked Ether 2.0",0.00,0.01,0,0,true,true,false,2146.907791446656137577,2145.302622864678188847,0.07,"Active"
"AaveV3Gnosis","Gnosis",100,"EURe","Monerium EUR emoney",3.80,5.63,0,0,true,false,true,16545246.396211694361397925,4005844.233156204256836704,75.79,"Active"
"AaveV3Gnosis","Gnosis",100,"GHO","Gho Token",1.70,3.75,0,0,true,false,false,1100714.078368246711671894,539469.654824657663887284,50.99,"Active"
"AaveV3Gnosis","Gnosis",100,"GNO","Gnosis Token on xDai",0.35,2.90,0,0,true,true,false,115813.550999680540322327,98169.465454669197100774,15.23,"Active"
"AaveV3Gnosis","Gnosis",100,"sDAI","Savings xDAI",0,0,0,0,false,true,false,22229201.884698512240099387,0,0,"Active"
"AaveV3Gnosis","Gnosis",100,"USDC","USD//C on xDai",3.11,7.82,0,0,true,true,false,1160101.583484,374403.286124,67.73,"Active"
"AaveV3Gnosis","Gnosis",100,"USDC.e","Bridged USDC (Gnosis)",3.83,5.65,0,0,true,true,false,6660804.033022,1595174.516058,76.05,"Active"
"AaveV3Gnosis","Gnosis",100,"WETH","Wrapped Ether on xDai",1.00,1.89,0,0,true,true,false,2819.118355930286789356,1061.925547707915868989,62.33,"Active"
"AaveV3Gnosis","Gnosis",100,"wstETH","Wrapped liquid staked Ether 2.0 from Mainnet",0.00,0.10,0,0,true,true,false,8572.518013556789950137,8519.785768592901738987,0.62,"Active"
"AaveV3Gnosis","Gnosis",100,"WXDAI","Wrapped XDAI",3.72,6.11,0,0,true,true,false,3572974.527572570625996313,638715.518539241486316513,82.12,"Active"
"AaveV3Polygon","Polygon",137,"AAVE","Aave (PoS)",0,0,0,0,false,true,false,40543.25055420636094177,0,0,"Active"
"AaveV3Polygon","Polygon",137,"BAL","Balancer (PoS)",177.98,314.82,0,0,true,false,false,13716.648097737339638012,1391.526660757288684682,89.86,"Frozen"
"AaveV3Polygon","Polygon",137,"CRV","CRV (PoS)",0.17,4.46,0,0,true,false,false,107612.637888579505067021,101014.109119146218395143,6.13,"Frozen"
"AaveV3Polygon","Polygon",137,"DAI","(PoS) Dai Stablecoin",4.59,8.04,0,0,true,false,false,6021958.819963446495238673,1363137.721868251190673022,77.36,"Active"
"AaveV3Polygon","Polygon",137,"DPI","DefiPulse Index (PoS)",1.71,7.90,0,0,true,false,false,402.786988710663431,264.882123412323084806,34.24,"Frozen"
"AaveV3Polygon","Polygon",137,"EURA","EURA (previously agEUR)",0.45,2.06,0,0,true,false,false,6089.351565449007266546,4282.533170396546727146,29.67,"Frozen"
"AaveV3Polygon","Polygon",137,"EURS","STASIS EURS Token (PoS)",2.65,9.12,0,0,true,false,false,2460877.40,988474.43,59.83,"Active"
"AaveV3Polygon","Polygon",137,"GHST","Aavegotchi GHST Token (PoS)",0.00,0.09,0,0,true,false,false,1307810.239366394252266879,1300512.296682667677863216,0.56,"Active"
"AaveV3Polygon","Polygon",137,"jEUR","Jarvis Synthetic Euro",0.09,0.84,0,0,true,false,false,28139.520229174017031417,24309.143573611053720337,13.61,"Frozen"
"AaveV3Polygon","Polygon",137,"LINK","ChainLink Token",0.02,0.64,0,0,true,true,false,442443.27450219097188911,424252.629837283607650144,4.11,"Active"
"AaveV3Polygon","Polygon",137,"MaticX","Liquid Staking Matic (PoS)",0.00,0.34,0,0,true,true,false,11517744.027850020233307462,11401523.873997289228659278,1.01,"Active"
"AaveV3Polygon","Polygon",137,"miMATIC","miMATIC",0.00,0.02,0,0,true,false,false,10647.428909943781162474,10636.512711064283724779,0.10,"Frozen"
"AaveV3Polygon","Polygon",137,"stMATIC","Staked MATIC (PoS)",0,0,0,0,false,false,false,744699.46998677117108047,0,0,"Frozen"
"AaveV3Polygon","Polygon",137,"SUSHI","SushiToken (PoS)",2.02,6.44,0,0,true,false,false,111858.146803669773457792,66957.690225317770152616,40.14,"Frozen"
"AaveV3Polygon","Polygon",137,"USDC","USD Coin (PoS)",3.13,9.70,0,0,true,false,false,5309896.077428,885476.654042,83.32,"Active"
"AaveV3Polygon","Polygon",137,"USDC","USD Coin",5.01,8.13,0,0,true,true,false,40763725.436823,8893458.515876,78.18,"Active"
"AaveV3Polygon","Polygon",137,"USDT0","USDT0",4.74,8.18,0,0,true,true,false,48928378.177884,10459577.052165,78.62,"Active"
"AaveV3Polygon","Polygon",137,"WBTC","(PoS) Wrapped BTC",0.00,0.13,0,0,true,true,false,1095.98158509,1067.54777498,2.59,"Active"
"AaveV3Polygon","Polygon",137,"WETH","Wrapped Ether",0.55,2.00,0,0,true,true,false,17342.819336178130702545,11683.452359934293570736,32.63,"Active"
"AaveV3Polygon","Polygon",137,"WPOL","Wrapped Polygon Ecosystem Token",0.28,1.54,0,0,true,true,false,59609894.739546208020688119,45946577.731440814562470628,22.92,"Active"
"AaveV3Polygon","Polygon",137,"wstETH","Wrapped liquid staked Ether 2.0 (PoS)",0.00,0.32,0,0,true,true,false,5334.835084719368995805,5299.363566190443455376,0.66,"Active"
"AaveV3Sonic","Sonic",146,"stS","Beets Staked Sonic",0,0,0,0,true,true,true,142273238.201045522092964851,142273238.201045522092964851,0,"Active"
"AaveV3Sonic","Sonic",146,"USDC","USDC",5.90,8.07,2.50,0,true,true,true,21950500.206711,3918477.926711,82.15,"Active"
"AaveV3Sonic","Sonic",146,"WETH","Wrapped Ether on Sonic",0.01,0.21,0,0,true,true,false,4761.08987519067940524,4432.548748355845331289,6.90,"Active"
"AaveV3Sonic","Sonic",146,"wS","Wrapped Sonic",1.20,2.68,0,0,true,true,false,188236970.774579044623303095,88549976.728797512931974779,52.96,"Active"
"AaveV3ZkSync","zkSync",324,"sUSDe","Staked USDe",0,0,0,0,true,true,false,100,100,0,"Active"
"AaveV3ZkSync","zkSync",324,"USDC","USDC",5.08,6.51,0,0,true,true,false,1081506.98434,136982.463269,87.33,"Active"
"AaveV3ZkSync","zkSync",324,"USDT","Tether USD",3.95,5.73,0,0,true,true,false,342238.691542,78024.831158,77.20,"Active"
"AaveV3ZkSync","zkSync",324,"weETH","Wrapped eETH",0,0,0,0,true,true,false,200,200,0,"Active"
"AaveV3ZkSync","zkSync",324,"WETH","Wrapped Ether",1.96,2.65,0,0,true,true,false,833.80508444071946477,106.524443333491596693,87.22,"Active"
"AaveV3ZkSync","zkSync",324,"wrsETH","rsETHWrapper",0,0,0,0,true,true,false,0.035,0.035,0,"Active"
"AaveV3ZkSync","zkSync",324,"wstETH","Wrapped liquid staked Ether 2.0",0.00,0.04,0,0,true,true,false,805.050598213130988628,764.685296857078292019,5.01,"Active"
"AaveV3ZkSync","zkSync",324,"ZK","ZKsync",0.18,2.16,0,0,true,true,false,84767642.831566209263341805,75708941.594429649730242355,10.69,"Active"
"AaveV3Metis","Metis",1088,"m.DAI","DAI Token",0.01,0.23,0,0,true,true,false,33605.01149957505466418,32555.982143598244090453,3.12,"Active"
"AaveV3Metis","Metis",1088,"m.USDC","USDC Token",3.35,5.06,0,0,true,true,true,2413035.824746,625939.986445,74.06,"Active"
"AaveV3Metis","Metis",1088,"m.USDT","USDT Token",3.58,5.23,0,0,true,true,true,2087769.188038,490332.047554,76.51,"Active"
"AaveV3Metis","Metis",1088,"Metis","Metis Token",0.25,2.17,0,0,true,true,true,232159.752388943658240599,200142.933901477204388186,13.79,"Active"
"AaveV3Metis","Metis",1088,"WETH","Ether",0.15,1.39,0,0,true,true,true,1072.609407834984144711,936.804734858853801497,12.66,"Active"
"AaveV3Soneium","Soneium",1868,"USDC.e","Bridged USDC (Soneium)",0.24,1.27,0,0,true,true,false,1704170.769593,1351854.836191,20.67,"Active"
"AaveV3Soneium","Soneium",1868,"USDT","Tether USD",0.39,1.63,0,0,true,true,false,43684.679194,32130.134059,26.45,"Active"
"AaveV3Soneium","Soneium",1868,"WETH","Wrapped Ether",0.00,0.04,0,0,true,true,false,508.118434920582801476,501.048850969226995888,1.39,"Active"
"AaveV3Base","Base",8453,"AAVE","Aave Token",0,0,0,0,true,true,false,4306.215742205341933456,4306.215742205341933456,0,"Active"
"AaveV3Base","Base",8453,"cbBTC","Coinbase Wrapped BTC",0.03,0.58,0,0,true,true,false,2738.9481279,2421.24957663,11.60,"Active"
"AaveV3Base","Base",8453,"cbETH","Coinbase Wrapped Staked ETH",0.03,0.69,0,0,true,true,false,5248.406038384688590698,5016.768394712127962679,4.41,"Active"
"AaveV3Base","Base",8453,"EURC","EURC",3.00,5.55,0,0,true,true,true,24334008.999497,9540965.125042,60.79,"Active"
"AaveV3Base","Base",8453,"ezETH","Renzo Restaked ETH",0,0,0,0,true,true,false,78.855524506550995923,78.855524506550995923,0,"Active"
"AaveV3Base","Base",8453,"GHO","Gho Token",4.49,7.27,0,0,true,false,true,20127526.986687527415381599,6140636.250922071131383265,69.49,"Active"
"AaveV3Base","Base",8453,"LBTC","Lombard Staked Bitcoin",0,0,0,0,true,true,false,59.77757987,59.77757987,0,"Active"
"AaveV3Base","Base",8453,"tBTC","Base tBTC v2",0.00,0.21,0,0,true,true,false,7.382419628012901509,7.210198365973602029,2.33,"Active"
"AaveV3Base","Base",8453,"USDbC","USD Base Coin",3.73,9.44,0,0,true,true,false,656364.364795,123278.162913,81.22,"Active"
"AaveV3Base","Base",8453,"USDC","USD Coin",6.05,7.96,0,0,true,true,true,327217493.688086,48645374.254485,85.13,"Active"
"AaveV3Base","Base",8453,"weETH","Wrapped eETH",0.00,1.01,0,0,true,true,false,102179.168720909790931285,102173.214605608841020708,0.01,"Active"
"AaveV3Base","Base",8453,"WETH","Wrapped Ether",1.81,2.45,0,0,true,true,false,132318.528351975296544431,16908.731222969270307337,87.22,"Active"
"AaveV3Base","Base",8453,"wrsETH","rsETHWrapper",0,1.01,0,0,true,true,false,6500,6500,0,"Active"
"AaveV3Base","Base",8453,"wstETH","Wrapped liquid staked Ether 2.0",0.04,0.15,0,0,true,true,false,27490.353910881685482942,20557.588976556584128983,25.22,"Active"
"AaveV3Arbitrum","Arbitrum",42161,"AAVE","Aave Token",0,0,0,0,false,true,false,33396.141362192287463339,0,0,"Active"
"AaveV3Arbitrum","Arbitrum",42161,"ARB","Arbitrum",0.30,2.45,0,0,true,true,false,44940941.189824313766424836,37935705.581096780243264848,15.59,"Active"
"AaveV3Arbitrum","Arbitrum",42161,"DAI","Dai Stablecoin",3.61,6.02,0,0,true,true,false,6930192.087989637980906069,1321423.229828016216269544,80.93,"Active"
"AaveV3Arbitrum","Arbitrum",42161,"EURS","STASIS EURS Token",2.30,4.52,0,0,true,false,false,10390.56,3708.80,64.31,"Frozen"
"AaveV3Arbitrum","Arbitrum",42161,"ezETH","Renzo Restaked ETH",0,0,0,0,true,true,false,6946.205974987789912967,6946.205974987789912967,0,"Active"
"AaveV3Arbitrum","Arbitrum",42161,"FRAX","Frax",3.88,5.54,0,0,true,false,false,178133.141891107059403331,20864.306297821507681546,88.29,"Active"
"AaveV3Arbitrum","Arbitrum",42161,"GHO","Gho Token",3.17,5.13,0,0,true,false,false,6479698.522416671807778697,1989627.040039147477283326,69.29,"Active"
"AaveV3Arbitrum","Arbitrum",42161,"LINK","ChainLink Token",0.03,0.70,0,0,true,true,false,1684777.133715881713049692,1609136.928833972729138862,4.49,"Active"
"AaveV3Arbitrum","Arbitrum",42161,"LUSD","LUSD Stablecoin",2.22,7.31,0,0,true,false,false,297229.916649058137643731,112442.24049596296120765,62.17,"Active"
"AaveV3Arbitrum","Arbitrum",42161,"MAI","Mai Stablecoin",0.01,1.63,0,0,true,false,false,15655.159255005311267888,14381.632499194238278294,8.13,"Frozen"
"AaveV3Arbitrum","Arbitrum",42161,"rETH","Rocket Pool ETH",0.00,0.23,0,0,true,true,false,1566.552862239533614719,1543.194140287047387666,1.49,"Active"
"AaveV3Arbitrum","Arbitrum",42161,"rsETH","KelpDao Restaked ETH",0,0,0,0,true,true,false,7768.61197037643243181,7768.61197037643243181,0,"Active"
"AaveV3Arbitrum","Arbitrum",42161,"tBTC","Arbitrum tBTC v2",0,0,0,0,true,true,false,6.827346601928630357,6.827346601928630357,0,"Active"
"AaveV3Arbitrum","Arbitrum",42161,"USD₮0","USD₮0",5.19,6.58,0,0,true,true,false,114449502.5916,13503753.527626,88.20,"Active"
"AaveV3Arbitrum","Arbitrum",42161,"USDC","USD Coin (Arb1)",2.68,7.96,0,0,true,true,false,2295494.805398,712321.672252,68.97,"Active"
"AaveV3Arbitrum","Arbitrum",42161,"USDC","USD Coin",4.12,5.86,0,0,true,true,false,315028085.060863,66624717.20013,78.85,"Active"
"AaveV3Arbitrum","Arbitrum",42161,"WBTC","Wrapped BTC",0.01,0.30,0,0,true,true,false,2777.00143644,2609.50033122,6.03,"Active"
"AaveV3Arbitrum","Arbitrum",42161,"weETH","Wrapped eETH",0.01,1.28,0,0,true,true,false,104235.471294500181574741,103025.926985185737283782,1.16,"Active"
"AaveV3Arbitrum","Arbitrum",42161,"WETH","Wrapped Ether",1.93,2.55,0,0,true,true,false,135919.071493959136724312,14630.282722401419903653,89.24,"Active"
"AaveV3Arbitrum","Arbitrum",42161,"wstETH","Wrapped liquid staked Ether 2.0",0.01,0.07,0,0,true,true,false,38186.299131578141659063,33861.25075625799855348,11.33,"Active"
"AaveV3Celo","Celo",42220,"CELO","Celo native asset",0.33,3.08,0,0,true,true,false,2928302.689362491235024264,2528100.59094012133799181,13.67,"Active"
"AaveV3Celo","Celo",42220,"cEUR","Celo Euro",5.01,6.65,0,0,true,false,false,36174.411832043142819544,3908.086910700828730468,89.20,"Active"
"AaveV3Celo","Celo",42220,"cUSD","Celo Dollar",1.78,3.95,0,0,true,false,false,1083725.606808820414299157,502334.131589057437750569,53.65,"Active"
"AaveV3Celo","Celo",42220,"USD₮","Tether USD",1.50,3.74,0,0,true,true,false,9536682.310014,4688530.199364,50.84,"Active"
"AaveV3Celo","Celo",42220,"USDC","USDC",4.05,5.81,0,0,true,true,false,715638.24596,156056.659709,78.19,"Active"
"AaveV3Celo","Celo",42220,"WETH","Wrapped Ether (Celo native bridge)",0.15,0.74,3.16,0,true,true,true,1835.201617625627127902,1385.024476856036788943,24.53,"Active"
"AaveV3Avalanche","Avalanche",43114,"AAVE.e","Aave Token",0,0,0,0,false,true,false,4664.528060984382159144,0,0,"Active"
"AaveV3Avalanche","Avalanche",43114,"AUSD","AUSD",3.86,5.66,0,0,true,true,false,3057672.246036,724887.878847,76.29,"Active"
"AaveV3Avalanche","Avalanche",43114,"BTC.b","Bitcoin",0.01,0.38,0,0,true,true,false,2957.63746265,2734.04798059,7.56,"Active"
"AaveV3Avalanche","Avalanche",43114,"DAI.e","Dai Stablecoin",3.29,5.74,0,0,true,true,false,5009187.515306551968346812,1135510.810641990269701809,77.33,"Active"
"AaveV3Avalanche","Avalanche",43114,"EURC","Euro Coin",2.07,3.97,0,0,true,true,false,1102.266047,458.303794,58.42,"Active"
"AaveV3Avalanche","Avalanche",43114,"FRAX","Frax",3.72,5.43,0,0,true,false,false,12820.532555803462331868,1731.470099111636594506,86.49,"Active"
"AaveV3Avalanche","Avalanche",43114,"GHO","Gho Token",1.53,3.55,8.98,0,true,false,true,46292590.44149116137526952,23951631.096009801684570347,48.26,"Active"
"AaveV3Avalanche","Avalanche",43114,"LINK.e","Chainlink Token",0.04,0.86,0,0,true,true,false,212699.372312652064153744,201013.974083729433622272,5.49,"Active"
"AaveV3Avalanche","Avalanche",43114,"MAI","Mai Stablecoin",4.27,251.91,0,0,true,false,false,14549.816239507187660258,4879.12575636927308481,66.47,"Frozen"
"AaveV3Avalanche","Avalanche",43114,"sAVAX","Staked AVAX",0,0,0.25,0,false,true,true,7169918.276907313739559773,0,0,"Active"
"AaveV3Avalanche","Avalanche",43114,"USDC","USD Coin",5.17,6.57,1.52,0,true,true,true,162131923.380601,19332311.412671,88.08,"Active"
"AaveV3Avalanche","Avalanche",43114,"USDt","TetherToken",3.34,5.27,1.21,0,true,true,true,91268734.994503,26325621.321981,71.16,"Active"
"AaveV3Avalanche","Avalanche",43114,"WAVAX","Wrapped AVAX",1.40,3.88,0,0,true,true,false,15219939.623624766808395776,8280497.985323181687562632,45.59,"Active"
"AaveV3Avalanche","Avalanche",43114,"WBTC.e","Wrapped BTC",0.04,0.65,0,0,true,false,false,70.54155164,65.37391551,7.33,"Frozen"
"AaveV3Avalanche","Avalanche",43114,"WETH.e","Wrapped Ether",2.06,3.75,0,0,true,true,false,25441.600849239466209769,8848.47653269798681381,65.22,"Active"
"AaveV3Linea","Linea",59144,"ezETH","Renzo Restaked ETH",0,0,0,0,true,true,false,65463.793975553835350808,65463.793975553835350808,0,"Active"
"AaveV3Linea","Linea",59144,"USDC","USDC",4.11,5.85,0,0,true,true,false,414535978.400139,88141318.839208,78.74,"Active"
"AaveV3Linea","Linea",59144,"USDT","Tether USD",4.19,5.91,0,0,true,true,false,298837108.817377,61346689.678107,79.47,"Active"
"AaveV3Linea","Linea",59144,"WBTC","Wrapped BTC",0.20,1.98,0,0,true,true,false,63.36536017,55.36541197,12.63,"Active"
"AaveV3Linea","Linea",59144,"weETH","Wrapped eETH",0,0,0,0,true,true,false,49875.929402097367597229,49875.929402097367597229,0,"Active"
"AaveV3Linea","Linea",59144,"WETH","Wrapped Ether",1.66,2.39,0,0,true,true,false,248903.013773696343519907,45192.822075331455303727,81.84,"Active"
"AaveV3Linea","Linea",59144,"wrsETH","rsETHWrapper",0,0,0,0,false,true,false,70100.600046997852590029,0,0,"Active"
"AaveV3Linea","Linea",59144,"wstETH","Wrapped liquid staked Ether 2.0",0.83,3.74,0,0,true,true,false,11154.426616948773845345,8522.992465346853116945,23.59,"Active"
"AaveV3Scroll","Scroll",534352,"SCR","Scroll",0.01,0.63,0,0,true,false,false,693863.740529529386816641,665888.943716415128581038,4.03,"Active"
"AaveV3Scroll","Scroll",534352,"USDC","USD Coin",1.48,4.71,0,0,true,true,false,1866951.080692,677052.700648,63.73,"Active"
"AaveV3Scroll","Scroll",534352,"weETH","Wrapped eETH",0.24,3.96,0,0,true,true,false,4144.937200173967475121,3632.949342808144284184,12.35,"Active"
"AaveV3Scroll","Scroll",534352,"WETH","Wrapped Ether",3.90,8.80,0,0,true,true,false,4301.918144486944792321,399.359492235403622224,90.72,"Active"
"AaveV3Scroll","Scroll",534352,"wstETH","Wrapped liquid staked Ether 2.0",0.07,0.35,0,0,true,true,false,670.164670956413920901,387.265161037024548367,42.21,"Active"
