Market Name,Chain Name,Chain ID,Token Name,Token Symbol,Token Address,Supply APY (%),Borrow APY (%),Incentive Supply APR (%),Incentive Borrow APR (%),Self Incentive Supply APR (%),Self Incentive Borrow APR (%),Multiple,Merkl Supply APR (%),Merkl Borrow APR (%),Merkl Supply Campaigns,Merkl Borrow Campaigns
"AaveV3Arbitrum","Arbitrum",42161,"Aave Token","AAVE","0xba5DdD1f9d7F570dc94a51479a000E3BCE967196",0,,0,0,0,0,false,0,0,"",""
"AaveV3Arbitrum","Arbitrum",42161,"Arbitrum","ARB","0x912CE59144191C1204E64559FE8253a0e49E6548",0.28,2.37,0,0,0,0,false,0,0,"",""
"AaveV3Arbitrum","Arbitrum",42161,"Dai Stablecoin","DAI","0xDA10009cBd5D07dd0CeCc66161FC93D7c9000da1",3.88,6.24,0,0,0,0,false,0,0,"",""
"AaveV3Arbitrum","Arbitrum",42161,"STASIS EURS Token","EURS","0xD22a58f79e9481D1a88e00c343885A588b34b68B",2.30,4.52,0,0,0,0,false,0,0,"",""
"AaveV3Arbitrum","Arbitrum",42161,"Frax","FRAX","0x17FC002b466eEc40DaE837Fc4bE5c67993ddBd6F",3.65,5.37,0,0,0,0,false,0,0,"",""
"AaveV3Arbitrum","Arbitrum",42161,"Gho Token","GHO","0x7dfF72693f6A4149b17e7C6314655f6A9F7c8B33",5.42,6.73,0,0,0,0,false,0,0,"",""
"AaveV3Arbitrum","Arbitrum",42161,"ChainLink Token","LINK","0xf97f4df75117a78c1A5a0DBb814Af92458539FB4",0.02,0.67,0,0,0,0,false,0,0,"",""
"AaveV3Arbitrum","Arbitrum",42161,"LUSD Stablecoin","LUSD","0x93b346b6BC2548dA6A1E7d98E9a421B42541425b",2.79,8.07,0,0,0,0,false,0,0,"",""
"AaveV3Arbitrum","Arbitrum",42161,"Mai Stablecoin","MAI","0x3F56e0c36d275367b8C502090EDF38289b3dEa0d",0.01,1.63,0,0,0,0,false,0,0,"",""
"AaveV3Arbitrum","Arbitrum",42161,"USD Coin (Arb1)","USDC","0xFF970A61A04b1cA14834A43f5dE4533eBDDB5CC8",2.17,7.15,0,0,0,0,false,0,0,"",""
"AaveV3Arbitrum","Arbitrum",42161,"USD Coin","USDC","0xaf88d065e77c8cC2239327C5EDb3A432268e5831",4.75,6.29,0,0,0,0,false,0,0,"",""
"AaveV3Arbitrum","Arbitrum",42161,"USD₮0","USD₮0","0xFd086bC7CD5C481DCC9C85ebE478A1C0b69FCbb9",5.17,6.57,0,0,0,0,false,0,0,"",""
"AaveV3Arbitrum","Arbitrum",42161,"Wrapped BTC","WBTC","0x2f2a2543B76A4166549F7aaB2e75Bef0aefC5B0f",0.01,0.28,0,0,0,0,false,0,0,"",""
"AaveV3Arbitrum","Arbitrum",42161,"Wrapped Ether","WETH","0x82aF49447D8a07e3bd95BD0d56f35241523fBab1",1.92,2.55,0,0,0,0,false,0,0,"",""
"AaveV3Arbitrum","Arbitrum",42161,"Renzo Restaked ETH","ezETH","0x2416092f143378750bb29b79eD961ab195CcEea5",0,0,0,0,0,0,false,0,0,"",""
"AaveV3Arbitrum","Arbitrum",42161,"Rocket Pool ETH","rETH","0xEC70Dcb4A1EFa46b8F2D97C310C9c4790ba5ffA8",0.00,0.28,0,0,0,0,false,0,0,"",""
"AaveV3Arbitrum","Arbitrum",42161,"KelpDao Restaked ETH","rsETH","0x4186BFC76E2E237523CBC30FD220FE055156b41F",0,0,0,0,0,0,false,0,0,"",""
"AaveV3Arbitrum","Arbitrum",42161,"Arbitrum tBTC v2","tBTC","0x6c84a8f1c29108F47a79964b5Fe888D4f4D0dE40",0,0,0,0,0,0,false,0,0,"",""
"AaveV3Arbitrum","Arbitrum",42161,"Wrapped eETH","weETH","0x35751007a407ca6FEFfE80b3cB397736D2cf4dbe",0.01,1.28,0,0,0,0,false,0,0,"",""
"AaveV3Arbitrum","Arbitrum",42161,"Wrapped liquid staked Ether 2.0","wstETH","0x5979D7b546E38E414F7E9822514be443A4800529",0.01,0.07,0,0,0,0,false,0,0,"",""
"AaveV3Avalanche","Avalanche",43114,"Aave Token","AAVE.e","0x63a72806098Bd3D9520cC43356dD78afe5D386D9",0,,0,0,0,0,false,0,0,"",""
"AaveV3Avalanche","Avalanche",43114,"AUSD","AUSD","0x00000000eFE302BEAA2b3e6e1b18d08D69a9012a",4.92,6.40,0,0,0,0,false,0,0,"",""
"AaveV3Avalanche","Avalanche",43114,"Bitcoin","BTC.b","0x152b9d0FdC40C096757F570A51E494bd4b943E50",0.01,0.37,0.6915400660062929,0,0,0,false,0,0,"",""
"AaveV3Avalanche","Avalanche",43114,"Dai Stablecoin","DAI.e","0xd586E7F844cEa2F87f50152665BCbc2C279D8d70",3.26,5.71,0,0,0,0,false,0,0,"",""
"AaveV3Avalanche","Avalanche",43114,"Euro Coin","EURC","0xC891EB4cbdEFf6e073e859e987815Ed1505c2ACD",3.08,4.86,0,0,0,0,false,0,0,"",""
"AaveV3Avalanche","Avalanche",43114,"Frax","FRAX","0xD24C2Ad096400B6FBcd2ad8B24E7acBc21A1da64",32.37,43.21,0,0,0,0,false,0,0,"",""
"AaveV3Avalanche","Avalanche",43114,"Gho Token","GHO","0xfc421aD3C883Bf9E7C4f42dE845C4e4405799e73",3.43,5.34,10.000000000000002,0,0,0,false,0,0,"",""
"AaveV3Avalanche","Avalanche",43114,"Chainlink Token","LINK.e","0x5947BB275c521040051D82396192181b413227A3",0.05,0.99,0,0,0,0,false,0,0,"",""
"AaveV3Avalanche","Avalanche",43114,"Mai Stablecoin","MAI","0x5c49b268c9841AFF1Cc3B0a418ff5c3442eE3F3b",4.27,251.91,0,0,0,0,false,0,0,"",""
"AaveV3Avalanche","Avalanche",43114,"USD Coin","USDC","0xB97EF9Ef8734C71904D8002F8b6Bc66Dd9c48a6E",4.96,6.43,1.1904192521269967,1.1638934022476863,0,0,false,0,0,"",""
"AaveV3Avalanche","Avalanche",43114,"TetherToken","USDt","0x9702230A8Ea53601f5cD2dc00fDBc13d4dF4A8c7",3.60,5.47,1.020045612441322,0,0,0,false,0,0,"",""
"AaveV3Avalanche","Avalanche",43114,"Wrapped AVAX","WAVAX","0xB31f66AA3C1e785363F0875A1B74E27b85FD66c7",1.21,3.65,0,0,0,0,false,0,0,"",""
"AaveV3Avalanche","Avalanche",43114,"Wrapped BTC","WBTC.e","0x50b7545627a5162F82A992c33b87aDc75187B218",0.04,0.65,0,0,0,0,false,0,0,"",""
"AaveV3Avalanche","Avalanche",43114,"Wrapped Ether","WETH.e","0x49D5c2BdFfac6CE2BFdB6640F4F80f226bc10bAB",0.97,2.75,0,0,0,0,false,0,0,"",""
"AaveV3Avalanche","Avalanche",43114,"Staked AVAX","sAVAX","0x2b2C81e08f1Af8835a78Bb2A90AE924ACE0eA4bE",0,,0.23727268395439788,0,0,0,false,0,0,"",""
"AaveV3BNB","BSC",56,"BTCB Token","BTCB","0x7130d2A12B9BCbFAe4f2634d864A1Ee1Ce3Ead9c",0.01,0.42,0,0,0,0,false,0,0,"",""
"AaveV3BNB","BSC",56,"PancakeSwap Token","Cake","0x0E09FaBB73Bd3Ade0a17ECC321fD13a19e81cE82",0.12,1.52,0,0,0,0,false,0,0,"",""
"AaveV3BNB","BSC",56,"Ethereum Token","ETH","0x2170Ed0880ac9A755fd29B2688956BD959F933F8",0.59,1.53,0,0,0,0,false,0,0,"",""
"AaveV3BNB","BSC",56,"First Digital USD","FDUSD","0xc5f0f7b66764F6ec8C8Dff7BA683102295E16409",4.70,6.65,0,0,0,0,false,0,0,"",""
"AaveV3BNB","BSC",56,"USD Coin","USDC","0x8AC76a51cc950d9822D68b83fE1Ad97B32Cd580d",3.92,5.71,0,0,0,0,false,0,0,"",""
"AaveV3BNB","BSC",56,"Tether USD","USDT","0x55d398326f99059fF775485246999027B3197955",4.99,6.45,0,0,0,0,false,0,0,"",""
"AaveV3BNB","BSC",56,"Wrapped BNB","WBNB","0xbb4CdB9CBd36B01bD1cBaEBF2De08d9173bc095c",0.20,1.98,0,0,0,0,false,0,0,"",""
"AaveV3BNB","BSC",56,"Wrapped liquid staked Ether 2.0","wstETH","0x26c5e01524d2E6280A48F2c50fF6De7e52E9611C",0.00,0.01,0,0,0,0,false,0,0,"",""
"AaveV3Base","Base",8453,"Aave Token","AAVE","0x63706e401c06ac8513145b7687A14804d17f814b",0,0,0,0,0,0,false,0,0,"",""
"AaveV3Base","Base",8453,"EURC","EURC","0x60a3E35Cc302bFA44Cb288Bc5a4F316Fdb1adb42",4.66,6.94,0,1.8702649459323557,0,0,false,0,0,"",""
"AaveV3Base","Base",8453,"Gho Token","GHO","0x6Bb7a212910682DCFdbd5BCBb3e28FB4E8da10Ee",12.31,15.20,0,2.5,0,0,false,0,0,"",""
"AaveV3Base","Base",8453,"Lombard Staked Bitcoin","LBTC","0xecAc9C5F704e954931349Da37F60E39f515c11c1",0,0,0,0,0,0,false,0,0,"",""
"AaveV3Base","Base",8453,"USD Coin","USDC","0x833589fCD6eDb6E08f4c7C32D4f71b54bdA02913",5.79,7.81,0,2,0,0,false,0,0,"",""
"AaveV3Base","Base",8453,"USD Base Coin","USDbC","0xd9aAEc86B65D86f6A7B5B1b0c42FFA531710b6CA",3.85,9.60,0,0,0,0,false,0,0,"",""
"AaveV3Base","Base",8453,"Wrapped Ether","WETH","0x4200000000000000000000000000000000000006",1.74,2.40,0,0,0,0,false,0,0,"",""
"AaveV3Base","Base",8453,"Coinbase Wrapped BTC","cbBTC","0xcbB7C0000aB88B473b1f5aFd9ef808440eed33Bf",0.03,0.55,0,0,0,0,false,0,0,"",""
"AaveV3Base","Base",8453,"Coinbase Wrapped Staked ETH","cbETH","0x2Ae3F1Ec7F1F5012CFEab0185bfc7aa3cf0DEc22",0.02,0.65,0,0,0,0,false,0,0,"",""
"AaveV3Base","Base",8453,"Renzo Restaked ETH","ezETH","0x2416092f143378750bb29b79eD961ab195CcEea5",0,0,0,0,0,0,false,0,0,"",""
"AaveV3Base","Base",8453,"Base tBTC v2","tBTC","0x236aa50979D5f3De3Bd1Eeb40E81137F22ab794b",0.01,0.33,0,0,0,0,false,0,0,"",""
"AaveV3Base","Base",8453,"Wrapped eETH","weETH","0x04C0599Ae5A44757c0af6F9eC3b93da8976c150A",0.00,1.01,0,0,0,0,false,0,0,"",""
"AaveV3Base","Base",8453,"rsETHWrapper","wrsETH","0xEDfa23602D0EC14714057867A78d01e94176BEA0",0,1.01,0,0,0,0,false,0,0,"",""
"AaveV3Base","Base",8453,"Wrapped liquid staked Ether 2.0","wstETH","0xc1CBa3fCea344f92D9239c08C0568f6F2F0ee452",0.09,0.24,0,0,0,0,false,0,0,"",""
"AaveV3Celo","Celo",42220,"Celo native asset","CELO","0x471EcE3750Da237f93B8E339c536989b8978a438",0.25,2.68,0,0,0,0,false,0,0,"",""
"AaveV3Celo","Celo",42220,"USDC","USDC","0xcebA9300f2b948710d2653dD7B07f33A8B32118C",2.82,4.84,0,0,0,0,false,0,0,"",""
"AaveV3Celo","Celo",42220,"Tether USD","USD₮","0x48065fbBE25f71C9282ddf5e1cD6D6A887483D5e",2.52,4.85,8.912168089823451,3.6914544456116283,8.912168089823451,0,true,0,0,"",""
"AaveV3Celo","Celo",42220,"Wrapped Ether (Celo native bridge)","WETH","0xD221812de1BD094f35587EE8E174B07B6167D9Af",0.01,0.18,2.9667574269805637,0,2.9667574269805637,0,false,0,0,"",""
"AaveV3Celo","Celo",42220,"Celo Euro","cEUR","0xD8763CBa276a3738E6DE85b4b3bF5FDed6D6cA73",0.32,1.65,0,0,0,0,false,0,0,"",""
"AaveV3Celo","Celo",42220,"Celo Dollar","cUSD","0x765DE816845861e75A25fCA122bb6898B8B1282a",2.63,4.81,0,0,0,0,false,0,0,"",""
"AaveV3Ethereum","Ethereum",1,"1INCH Token","1INCH","0x111111111117dC0aa78b770fA6A738034120C302",0.16,2.03,0,0,0,0,false,0,0,"",""
"AaveV3Ethereum","Ethereum",1,"Aave Token","AAVE","0x7Fc66500c84A76Ad7e9c93437bFc5Ac33E2DDaE9",0,,0,0,0,0,false,0,0,"",""
"AaveV3Ethereum","Ethereum",1,"Balancer","BAL","0xba100000625a3754423978a60c9317c58a424e3D",0.30,7.08,0,0,0,0,false,0,0,"",""
"AaveV3Ethereum","Ethereum",1,"Curve DAO Token","CRV","0xD533a949740bb3306d119CC777fa900bA034cd52",1.05,7.95,0,0,0,0,false,0,0,"",""
"AaveV3Ethereum","Ethereum",1,"Dai Stablecoin","DAI","0x6B175474E89094C44Da98b954EedeAC495271d0F",4.36,6.55,0,0,0,0,false,0,0,"",""
"AaveV3Ethereum","Ethereum",1,"Ethereum Name Service","ENS","0xC18360217D8F7Ab5e7c516566761Ea12Ce7F9D72",0.09,1.52,0,0,0,0,false,0,0,"",""
"AaveV3Ethereum","Ethereum",1,"ETHx","ETHx","0xA35b1B31Ce002FBF2058D22F30f95D405200A15b",0.00,0.00,0.29999999999999993,0,0,0,false,0,0,"",""
"AaveV3Ethereum","Ethereum",1,"Euro Coin","EURC","0x1aBaEA1f7C830bD89Acc67eC4af516284b1bC33c",3.17,4.93,0,1.4714360785178855,0,0,false,0,0,"",""
"AaveV3Ethereum","Ethereum",1,"Fire Bitcoin","FBTC","0xC96dE26018A54D51c097160568752c4E3BD6C364",0.00,0.00,0,0,0,0,false,0,0,"",""
"AaveV3Ethereum","Ethereum",1,"Frax","FRAX","0x853d955aCEf822Db058eb8505911ED77F175b99e",2.99,4.85,0,0,0,0,false,0,0,"",""
"AaveV3Ethereum","Ethereum",1,"Frax Share","FXS","0x3432B6A60D23Ca0dFCa7761B7ab56459D9C964D0",0.00,0.24,0,0,0,0,false,0,0,"",""
"AaveV3Ethereum","Ethereum",1,"Gho Token","GHO","0x40D16FC0246aD3160Ccc09B8D0D3A2cD28aE6C2f",0,6.18,0,0,0,0,false,0,0,"",""
"AaveV3Ethereum","Ethereum",1,"Kyber Network Crystal v2","KNC","0xdeFA4e8a7bcBA345F687a2f1456F5Edd9CE97202",0.51,3.65,0,0,0,0,false,0,0,"",""
"AaveV3Ethereum","Ethereum",1,"Lombard Staked Bitcoin","LBTC","0x8236a87084f8B84306f72007F36F2618A5634494",0.00,0.00,0,0,0,0,false,0,0,"",""
"AaveV3Ethereum","Ethereum",1,"Lido DAO Token","LDO","0x5A98FcBEA516Cf06857215779Fd812CA3beF1B32",0.25,2.23,0,0,0,0,false,0,0,"",""
"AaveV3Ethereum","Ethereum",1,"ChainLink Token","LINK","0x514910771AF9Ca656af840dff83E8264EcF986CA",0.01,0.37,0,0,0,0,false,0,0,"",""
"AaveV3Ethereum","Ethereum",1,"LUSD Stablecoin","LUSD","0x5f98805A4E8be255a32880FDeC7F6728C6568bA0",3.35,5.96,0,0,0,0,false,0,0,"",""
"AaveV3Ethereum","Ethereum",1,"Maker","MKR","0x9f8F72aA9304c8B593d555F12eF6589cC3A579A2",0.00,0.01,0,0,0,0,false,0,0,"",""
"AaveV3Ethereum","Ethereum",1,"PT Ethena USDe 25SEP2025","PT-USDe-25SEP2025","0xBC6736d346a5eBC0dEbc997397912CD9b8FAe10a",0,0,0,0,0,0,false,0,0,"",""
"AaveV3Ethereum","Ethereum",1,"PT Ethena USDe 27NOV2025","PT-USDe-27NOV2025","0x62C6E813b9589C3631Ba0Cdb013acdB8544038B7",0,0,0,0,0,0,false,0,0,"",""
"AaveV3Ethereum","Ethereum",1,"PT Ethena USDe 31JUL2025","PT-USDe-31JUL2025","0x917459337CaAC939D41d7493B3999f571D20D667",0,0,0,0,0,0,false,0,0,"",""
"AaveV3Ethereum","Ethereum",1,"PT Ethereal eUSDE 14AUG2025","PT-eUSDE-14AUG2025","0x14Bdc3A3AE09f5518b923b69489CBcAfB238e617",0,0,0,0,0,0,false,0,0,"",""
"AaveV3Ethereum","Ethereum",1,"PT Ethereal eUSDE 29MAY2025","PT-eUSDE-29MAY2025","0x50D2C7992b802Eef16c04FeADAB310f31866a545",0,0,0,0,0,0,false,0,0,"",""
"AaveV3Ethereum","Ethereum",1,"PT Ethena sUSDE 25SEP2025","PT-sUSDE-25SEP2025","0x9F56094C450763769BA0EA9Fe2876070c0fD5F77",0,0,0,0,0,0,false,0,0,"",""
"AaveV3Ethereum","Ethereum",1,"PT Ethena sUSDE 27NOV2025","PT-sUSDE-27NOV2025","0xe6A934089BBEe34F832060CE98848359883749B3",0,0,0,0,0,0,false,0,0,"",""
"AaveV3Ethereum","Ethereum",1,"PT Ethena sUSDE 31JUL2025","PT-sUSDE-31JUL2025","0x3b3fB9C57858EF816833dC91565EFcd85D96f634",0,0,0,0,0,0,false,0,0,"",""
"AaveV3Ethereum","Ethereum",1,"PayPal USD","PYUSD","0x6c3ea9036406852006290770BEdFcAbA0e23A0e8",2.56,6.65,0,0,0,0,false,0,0,"",""
"AaveV3Ethereum","Ethereum",1,"RLUSD","RLUSD","0x8292Bb45bf1Ee4d140127049757C2E0fF06317eD",0.75,4.28,0,0,0,0,false,0,0,"",""
"AaveV3Ethereum","Ethereum",1,"Rocket Pool Protocol","RPL","0xD33526068D116cE69F19A9ee46F0bd304F21A51f",3.15,6.64,0,0,0,0,false,0,0,"",""
"AaveV3Ethereum","Ethereum",1,"Synthetix Network Token","SNX","0xC011a73ee8576Fb46F5E1c5751cA3B9Fe0af2a6F",0.13,13.56,0,0,0,0,false,0,0,"",""
"AaveV3Ethereum","Ethereum",1,"StargateToken","STG","0xAf5191B0De278C7286d6C7CC6ab6BB8A73bA2Cd6",0.01,0.33,0,0,0,0,false,0,0,"",""
"AaveV3Ethereum","Ethereum",1,"Uniswap","UNI","0x1f9840a85d5aF5bf1D1762F925BDADdC4201F984",0.29,2.41,0,0,0,0,false,0,0,"",""
"AaveV3Ethereum","Ethereum",1,"USD Coin","USDC","0xA0b86991c6218b36c1d19D4a2e9Eb0cE3606eB48",3.87,5.61,0,0,0,0,false,0,0,"",""
"AaveV3Ethereum","Ethereum",1,"USDS Stablecoin","USDS","0xdC035D45d973E3EC169d2276DDab16f1e407384F",2.58,6.07,0,0,0,0,false,0,0,"",""
"AaveV3Ethereum","Ethereum",1,"Tether USD","USDT","0xdAC17F958D2ee523a2206206994597C13D831ec7",4.81,6.26,0,0,0,0,false,0,0,"",""
"AaveV3Ethereum","Ethereum",1,"USDe","USDe","0x4c9EDD5852cd905f086C759E8383e09bff1E68B3",3.13,5.70,0,0,0,0,false,6.000000000000001,0,"6.000000000000001% (14698756317326614613)",""
"AaveV3Ethereum","Ethereum",1,"USDtb","USDtb","0xC139190F447e929f090Edeb554D95AbB8b18aC1C",2.25,4.86,0,0,0,0,false,0,0,"",""
"AaveV3Ethereum","Ethereum",1,"Wrapped BTC","WBTC","0x2260FAC5E5542a773Aa44fBCfeDf7C193bc2C599",0.00,0.20,0,0,0,0,false,0,0,"",""
"AaveV3Ethereum","Ethereum",1,"Wrapped Ether","WETH","0xC02aaA39b223FE8D0A0e5C4F27eAD9083C756Cc2",1.54,2.28,0,0,0,0,false,0,0,"",""
"AaveV3Ethereum","Ethereum",1,"Tether Gold","XAUt","0x68749665FF8D2d112Fa859AA293F07A622782F38",0,0,0,0,0,0,false,0,0,"",""
"AaveV3Ethereum","Ethereum",1,"Coinbase Wrapped BTC","cbBTC","0xcbB7C0000aB88B473b1f5aFd9ef808440eed33Bf",0.00,0.12,0,0,0,0,false,0,0,"",""
"AaveV3Ethereum","Ethereum",1,"Coinbase Wrapped Staked ETH","cbETH","0xBe9895146f7AF43049ca1c1AE358B0541Ea49704",0.00,0.11,0,0,0,0,false,0,0,"",""
"AaveV3Ethereum","Ethereum",1,"Curve.Fi USD Stablecoin","crvUSD","0xf939E0A03FB07F59A73314E73794Be0E57ac1b4E",9.77,15.00,0,0,0,0,false,0,0,"",""
"AaveV3Ethereum","Ethereum",1,"ether.fi BTC","eBTC","0x657e8C867D8B37dCC18fA4Caead9C45EB088C642",0,0,0,0,0,0,false,0,0,"",""
"AaveV3Ethereum","Ethereum",1,"Ethereal Pre-deposit Vault","eUSDe","0x90D2af7d622ca3141efA4d8f1F24d86E5974Cc8F",0,0,0,0,0,0,false,0,0,"",""
"AaveV3Ethereum","Ethereum",1,"Renzo Restaked ETH","ezETH","0xbf5495Efe5DB9ce00f80364C8B423567e58d2110",0,,0,0,0,0,false,0,0,"",""
"AaveV3Ethereum","Ethereum",1,"Staked ETH","osETH","0xf1C9acDc66974dFB6dEcB12aA385b9cD01190E38",0.00,0.00,0,0,0,0,false,0,0,"",""
"AaveV3Ethereum","Ethereum",1,"Rocket Pool ETH","rETH","0xae78736Cd615f374D3085123A210448E74Fc6393",0.00,0.07,0,0,0,0,false,0,0,"",""
"AaveV3Ethereum","Ethereum",1,"rsETH","rsETH","0xA1290d69c65A6Fe4DF752f95823fae25cB99e5A7",0.00,0.00,0,0,0,0,false,0,0,"",""
"AaveV3Ethereum","Ethereum",1,"Savings Dai","sDAI","0x83F20F44975D03b1b09e64809B757c47f942BEeA",0,,0,0,0,0,false,0,0,"",""
"AaveV3Ethereum","Ethereum",1,"Staked USDe","sUSDe","0x9D39A5DE30e57443BfF2A8307A4256c8797A3497",0,,0,0,0,0,false,0,0,"",""
"AaveV3Ethereum","Ethereum",1,"tBTC v2","tBTC","0x18084fbA666a33d37592fA2633fD49a74DD93a88",0.00,0.16,0,0,0,0,false,0,0,"",""
"AaveV3Ethereum","Ethereum",1,"Treehouse ETH","tETH","0xD11c452fc99cF405034ee446803b6F6c1F6d5ED8",0,,0,0,0,0,false,0,0,"",""
"AaveV3Ethereum","Ethereum",1,"Wrapped eETH","weETH","0xCd5fE23C85820F7B72D0926FC9b05b43E359b7ee",0.00,1.02,0,0,0,0,false,0,0,"",""
"AaveV3Ethereum","Ethereum",1,"Wrapped liquid staked Ether 2.0","wstETH","0x7f39C581F595B53c5cb19bD0b3f8dA6c935E2Ca0",0.02,0.20,0,0,0,0,false,0,0,"",""
"AaveV3EthereumEtherFi","Ethereum",1,"Frax","FRAX","0x853d955aCEf822Db058eb8505911ED77F175b99e",0.01,0.20,0,0,0,0,false,0,0,"",""
"AaveV3EthereumEtherFi","Ethereum",1,"PayPal USD","PYUSD","0x6c3ea9036406852006290770BEdFcAbA0e23A0e8",0.00,0.00,0,0,0,0,false,0,0,"",""
"AaveV3EthereumEtherFi","Ethereum",1,"USD Coin","USDC","0xA0b86991c6218b36c1d19D4a2e9Eb0cE3606eB48",0.86,2.45,0,0,0,0,false,0,0,"",""
"AaveV3EthereumEtherFi","Ethereum",1,"Wrapped eETH","weETH","0xCd5fE23C85820F7B72D0926FC9b05b43E359b7ee",0,,0,0,0,0,false,0,0,"",""
"AaveV3EthereumLido","Ethereum",1,"Gho Token","GHO","0x40D16FC0246aD3160Ccc09B8D0D3A2cD28aE6C2f",3.55,5.39,0,0,0,0,false,0,0,"",""
"AaveV3EthereumLido","Ethereum",1,"USD Coin","USDC","0xA0b86991c6218b36c1d19D4a2e9Eb0cE3606eB48",4.45,5.53,0,0,0,0,false,0,0,"",""
"AaveV3EthereumLido","Ethereum",1,"USDS Stablecoin","USDS","0xdC035D45d973E3EC169d2276DDab16f1e407384F",4.61,5.64,0,0,0,0,false,0,0,"",""
"AaveV3EthereumLido","Ethereum",1,"Wrapped Ether","WETH","0xC02aaA39b223FE8D0A0e5C4F27eAD9083C756Cc2",1.74,2.33,0,0,0,0,false,0,0,"",""
"AaveV3EthereumLido","Ethereum",1,"Renzo Restaked ETH","ezETH","0xbf5495Efe5DB9ce00f80364C8B423567e58d2110",0,0,0,0,0,0,false,0,0,"",""
"AaveV3EthereumLido","Ethereum",1,"rsETH","rsETH","0xA1290d69c65A6Fe4DF752f95823fae25cB99e5A7",0,0,0,0,0,0,false,0,0,"",""
"AaveV3EthereumLido","Ethereum",1,"Staked USDe","sUSDe","0x9D39A5DE30e57443BfF2A8307A4256c8797A3497",0,0.05,0,0,0,0,false,0,0,"",""
"AaveV3EthereumLido","Ethereum",1,"Treehouse ETH","tETH","0xD11c452fc99cF405034ee446803b6F6c1F6d5ED8",0,0,0,0,0,0,false,0,0,"",""
"AaveV3EthereumLido","Ethereum",1,"Wrapped liquid staked Ether 2.0","wstETH","0x7f39C581F595B53c5cb19bD0b3f8dA6c935E2Ca0",0.12,0.28,0,0,0,0,false,0,0,"",""
"AaveV3EthereumHorizon","Ethereum",1,"Gho Token","GHO","0x40D16FC0246aD3160Ccc09B8D0D3A2cD28aE6C2f",3.26,4.86,0,0,0,0,false,0,0,"",""
"AaveV3EthereumHorizon","Ethereum",1,"Janus Henderson Anemoy AAA CLO Fund Token","JAAA","0x5a0F93D040De44e78F251b03c43be9CF317Dcf64",0,,0,0,0,0,false,0,0,"",""
"AaveV3EthereumHorizon","Ethereum",1,"Janus Henderson Anemoy Treasury Fund","JTRSY","0x8c213ee79581Ff4984583C6a801e5263418C4b86",0,,0,0,0,0,false,0,0,"",""
"AaveV3EthereumHorizon","Ethereum",1,"RLUSD","RLUSD","0x8292Bb45bf1Ee4d140127049757C2E0fF06317eD",1.83,3.40,0,0,0,0,false,0,0,"",""
"AaveV3EthereumHorizon","Ethereum",1,"Superstate Crypto Carry Fund","USCC","0x14d60E7FDC0D71d8611742720E4C50E7a974020c",0,,0,0,0,0,false,0,0,"",""
"AaveV3EthereumHorizon","Ethereum",1,"USD Coin","USDC","0xA0b86991c6218b36c1d19D4a2e9Eb0cE3606eB48",5.56,7.42,0,0,0,0,false,0,0,"",""
"AaveV3EthereumHorizon","Ethereum",1,"Superstate Short Duration US Government Securities Fund","USTB","0x43415eB6ff9DB7E26A15b704e7A3eDCe97d31C4e",0,,0,0,0,0,false,0,0,"",""
"AaveV3EthereumHorizon","Ethereum",1,"US Yield Coin","USYC","0x136471a34f6ef19fE571EFFC1CA711fdb8E49f2b",0,,0,0,0,0,false,0,0,"",""
"AaveV3Gnosis","Gnosis",100,"Monerium EUR emoney","EURe","0xcB444e90D8198415266c6a2724b7900fb12FC56E",4.34,6.01,0,5.752698917260195,0,0,false,0,0,"",""
"AaveV3Gnosis","Gnosis",100,"Gho Token","GHO","0xfc421aD3C883Bf9E7C4f42dE845C4e4405799e73",1.38,3.37,0,0,0,0,false,0,0,"",""
"AaveV3Gnosis","Gnosis",100,"Gnosis Token on xDai","GNO","0x9C58BAcC331c9aa871AFD802DB6379a98e80CEdb",0.36,2.93,0,0,0,0,false,0,0,"",""
"AaveV3Gnosis","Gnosis",100,"USD//C on xDai","USDC","0xDDAfbb505ad214D7b80b1f830fcCc89B60fb7A83",2.81,7.43,0,0,0,0,false,0,0,"",""
"AaveV3Gnosis","Gnosis",100,"Bridged USDC (Gnosis)","USDC.e","0x2a22f9c3b484c3629090FeED35F17Ff8F88f76F0",1.97,4.04,0,0,0,0,false,0,0,"",""
"AaveV3Gnosis","Gnosis",100,"Wrapped Ether on xDai","WETH","0x6A023CCd1ff6F2045C3309768eAd9E68F978f6e1",0.53,1.37,0,0,0,0,false,0,0,"",""
"AaveV3Gnosis","Gnosis",100,"Wrapped XDAI","WXDAI","0xe91D153E0b41518A2Ce8Dd3D7944Fa863463a97d",3.30,5.75,0,0,0,0,false,0,0,"",""
"AaveV3Gnosis","Gnosis",100,"Savings xDAI","sDAI","0xaf204776c7245bF4147c2612BF6e5972Ee483701",0,,0,0,0,0,false,0,0,"",""
"AaveV3Gnosis","Gnosis",100,"Wrapped liquid staked Ether 2.0 from Mainnet","wstETH","0x6C76971f98945AE98dD7d4DFcA8711ebea946eA6",0.00,0.04,0,0,0,0,false,0,0,"",""
"AaveV3Linea","Linea",59144,"USDC","USDC","0x176211869cA2b568f2A7D4EE941E073a821EE1ff",5.02,6.47,0,0,0,0,false,0,0,"",""
"AaveV3Linea","Linea",59144,"Tether USD","USDT","0xA219439258ca9da29E9Cc4cE5596924745e12B93",5.50,6.84,0,0,0,0,false,0,0,"",""
"AaveV3Linea","Linea",59144,"Wrapped BTC","WBTC","0x3aAB2285ddcDdaD8edf438C1bAB47e1a9D05a9b4",0.10,1.39,0,0,0,0,false,0,0,"",""
"AaveV3Linea","Linea",59144,"Wrapped Ether","WETH","0xe5D7C2a44FfDDf6b295A15c148167daaAf5Cf34f",1.84,2.52,0,0,0,0,false,0,0,"",""
"AaveV3Linea","Linea",59144,"Renzo Restaked ETH","ezETH","0x2416092f143378750bb29b79eD961ab195CcEea5",0,0,0,0,0,0,false,0,0,"",""
"AaveV3Linea","Linea",59144,"Wrapped eETH","weETH","0x1Bf74C010E6320bab11e2e5A532b5AC15e0b8aA6",0,0,0,0,0,0,false,0,0,"",""
"AaveV3Linea","Linea",59144,"rsETHWrapper","wrsETH","0xD2671165570f41BBB3B0097893300b6EB6101E6C",0,,0,0,0,0,false,0,0,"",""
"AaveV3Linea","Linea",59144,"Wrapped liquid staked Ether 2.0","wstETH","0xB5beDd42000b71FddE22D3eE8a79Bd49A568fC8F",0.45,2.76,0,0,0,0,false,0,0,"",""
"AaveV3Metis","Metis",1088,"Metis Token","Metis","0xDeadDeAddeAddEAddeadDEaDDEAdDeaDDeAD0000",0.25,2.17,0,0,0,0,false,0,0,"",""
"AaveV3Metis","Metis",1088,"Ether","WETH","0x420000000000000000000000000000000000000A",0.15,1.40,0,0,0,0,false,0,0,"",""
"AaveV3Metis","Metis",1088,"DAI Token","m.DAI","0x4c078361FC9BbB78DF910800A991C7c3DD2F6ce0",0.01,0.23,0,0,0,0,false,0,0,"",""
"AaveV3Metis","Metis",1088,"USDC Token","m.USDC","0xEA32A96608495e54156Ae48931A7c20f0dcc1a21",3.16,4.92,0,0,0,0,false,0,0,"",""
"AaveV3Metis","Metis",1088,"USDT Token","m.USDT","0xbB06DCA3AE6887fAbF931640f67cab3e3a16F4dC",3.71,5.33,0,0,0,0,false,0,0,"",""
"AaveV3Optimism","Optimism",10,"Aave Token","AAVE","0x76FB31fb4af56892A25e32cFC43De717950c9278",0,,0,0,0,0,false,0,0,"",""
"AaveV3Optimism","Optimism",10,"Dai Stablecoin","DAI","0xDA10009cBd5D07dd0CeCc66161FC93D7c9000da1",5.17,7.73,0,0,0,0,false,0,0,"",""
"AaveV3Optimism","Optimism",10,"ChainLink Token","LINK","0x350a791Bfc2C21F9Ed5d10980Dad2e2638ffa7f6",0.00,0.25,0,0,0,0,false,0,0,"",""
"AaveV3Optimism","Optimism",10,"LUSD Stablecoin","LUSD","0xc40F949F8a4e094D1b49a23ea9241D289B7b2819",2.69,7.38,0,0,0,0,false,0,0,"",""
"AaveV3Optimism","Optimism",10,"Mai Stablecoin","MAI","0xdFA46478F9e5EA86d57387849598dbFB2e964b02",0.05,3.72,0,0,0,0,false,0,0,"",""
"AaveV3Optimism","Optimism",10,"Optimism","OP","0x4200000000000000000000000000000000000042",0.06,1.13,0,0,0,0,false,0,0,"",""
"AaveV3Optimism","Optimism",10,"USD Coin","USDC","0x7F5c764cBc14f9669B88837ca1490cCa17c31607",2.66,7.94,0,0,0,0,false,0,0,"",""
"AaveV3Optimism","Optimism",10,"USD Coin","USDC","0x0b2C639c533813f4Aa9D7837CAf62653d097Ff85",5.14,6.55,0,0,0,0,false,0,0,"",""
"AaveV3Optimism","Optimism",10,"Tether USD","USDT","0x94b008aA00579c1307B0EF2c499aD98a8ce58e58",4.93,6.41,0,0,0,0,false,0,0,"",""
"AaveV3Optimism","Optimism",10,"Wrapped BTC","WBTC","0x68f180fcCe6836688e9084f035309E29Bf0A2095",0.01,0.23,0,0,0,0,false,0,0,"",""
"AaveV3Optimism","Optimism",10,"Wrapped Ether","WETH","0x4200000000000000000000000000000000000006",1.56,2.32,0,0,0,0,false,0,0,"",""
"AaveV3Optimism","Optimism",10,"Rocket Pool ETH","rETH","0x9Bcef72be871e61ED4fBbc7630889beE758eb81D",0.00,0.04,0,0,0,0,false,0,0,"",""
"AaveV3Optimism","Optimism",10,"Synth sUSD","sUSD","0x8c6f28f2F1A3C87F0f938b96d27520d9751ec8d9",3.53,5.62,0,0,0,0,false,0,0,"",""
"AaveV3Optimism","Optimism",10,"Wrapped liquid staked Ether 2.0","wstETH","0x1F32b1c2345538c0c6f582fCB022739c4A194Ebb",0.00,0.28,0,0,0,0,false,0,0,"",""
"AaveV3Plasma","Plasma",9745,"USDT0","USDT0","0xB8CE59FC3717ada4C02eaDF9682A9e934F625ebb",2.47,5.03,0,0,0,0,false,5.737616783859388,1.156812711584975,"5.737616783859388% (16972470084297462352)","1.156812711584975% (2044328871336967553)"
"AaveV3Plasma","Plasma",9745,"USDe","USDe","0x5d3a1Ff2b6BAb83b63cd9AD0787074081a52ef34",0.09,2.79,0,0,0,0,false,0,0,"",""
"AaveV3Plasma","Plasma",9745,"WETH","WETH","0x9895D81bB462A195b4922ED7De0e3ACD007c32CB",0.02,0.24,0,0,0,0,false,0,0,"",""
"AaveV3Plasma","Plasma",9745,"XAUt0","XAUt0","0x1B64B9025EEbb9A6239575dF9Ea4b9Ac46D4d193",0,0,0,0,0,0,false,0,0,"",""
"AaveV3Plasma","Plasma",9745,"Staked USDe","sUSDe","0x211Cc4DD073734dA055fbF44a2b4667d5E5fE5d2",0,0,0,0,0,0,false,5.999999999999999,0,"5.999999999999999% (12624058241212668968)",""
"AaveV3Plasma","Plasma",9745,"Wrapped eETH","weETH","0xA3D68b74bF0528fdD07263c60d6488749044914b",0,0,0,0,0,0,false,0,0,"",""
"AaveV3Polygon","Polygon",137,"Aave (PoS)","AAVE","0xD6DF932A45C0f255f85145f286eA0b292B21C90B",0,,0,0,0,0,false,0,0,"",""
"AaveV3Polygon","Polygon",137,"Balancer (PoS)","BAL","0x9a71012B13CA4d3D0Cdc72A177DF3ef03b0E76A3",186.32,325.69,0,0,0,0,false,0,0,"",""
"AaveV3Polygon","Polygon",137,"CRV (PoS)","CRV","0x172370d5Cd63279eFa6d502DAB29171933a610AF",0.19,4.56,0,0,0,0,false,0,0,"",""
"AaveV3Polygon","Polygon",137,"(PoS) Dai Stablecoin","DAI","0x8f3Cf7ad23Cd3CaDbD9735AFf958023239c6A063",4.78,8.21,0,0,0,0,false,0,0,"",""
"AaveV3Polygon","Polygon",137,"DefiPulse Index (PoS)","DPI","0x85955046DF4668e1DD369D2DE9f3AEB98DD2A369",1.81,8.15,0,0,0,0,false,0,0,"",""
"AaveV3Polygon","Polygon",137,"EURA (previously agEUR)","EURA","0xE0B52e49357Fd4DAf2c15e02058DCE6BC0057db4",0.45,2.06,0,0,0,0,false,0,0,"",""
"AaveV3Polygon","Polygon",137,"STASIS EURS Token (PoS)","EURS","0xE111178A87A3BFf0c8d18DECBa5798827539Ae99",2.68,9.18,0,0,0,0,false,0,0,"",""
"AaveV3Polygon","Polygon",137,"Aavegotchi GHST Token (PoS)","GHST","0x385Eeac5cB85A38A9a07A70c73e0a3271CfB54A7",0.00,0.09,0,0,0,0,false,0,0,"",""
"AaveV3Polygon","Polygon",137,"ChainLink Token","LINK","0x53E0bca35eC356BD5ddDFebbD1Fc0fD03FaBad39",0.01,0.54,0,0,0,0,false,0,0,"",""
"AaveV3Polygon","Polygon",137,"Liquid Staking Matic (PoS)","MaticX","0xfa68FB4628DFF1028CFEc22b4162FCcd0d45efb6",0.00,0.34,0,0,0,0,false,0,0,"",""
"AaveV3Polygon","Polygon",137,"SushiToken (PoS)","SUSHI","0x0b3F868E0BE5597D5DB7fEB59E1CADBb0fdDa50a",2.06,6.51,0,0,0,0,false,0,0,"",""
"AaveV3Polygon","Polygon",137,"USD Coin (PoS)","USDC","0x2791Bca1f2de4661ED88A30C99A7a9449Aa84174",2.77,9.10,0,0,0,0,false,0,0,"",""
"AaveV3Polygon","Polygon",137,"USD Coin","USDC","0x3c499c542cEF5E3811e1192ce70d8cC03d5c3359",4.43,7.64,0,0,0,0,false,0,0,"",""
"AaveV3Polygon","Polygon",137,"USDT0","USDT0","0xc2132D05D31c914a87C6611C10748AEb04B58e8F",5.67,8.95,0,0,0,0,false,0,0,"",""
"AaveV3Polygon","Polygon",137,"(PoS) Wrapped BTC","WBTC","0x1BFD67037B42Cf73acF2047067bd4F2C47D9BfD6",0.00,0.12,0,0,0,0,false,0,0,"",""
"AaveV3Polygon","Polygon",137,"Wrapped Ether","WETH","0x7ceB23fD6bC0adD59E62ac25578270cFf1b9f619",0.50,1.94,0,0,0,0,false,0,0,"",""
"AaveV3Polygon","Polygon",137,"Wrapped Polygon Ecosystem Token","WPOL","0x0d500B1d8E8eF31E21C99d1Db9A6444d3ADf1270",0.26,1.49,0,0,0,0,false,0,0,"",""
"AaveV3Polygon","Polygon",137,"Jarvis Synthetic Euro","jEUR","0x4e3Decbb3645551B8A19f0eA1678079FCB33fB4c",0.09,0.84,0,0,0,0,false,0,0,"",""
"AaveV3Polygon","Polygon",137,"miMATIC","miMATIC","0xa3Fa99A148fA48D14Ed51d610c367C61876997F1",0.00,0.02,0,0,0,0,false,0,0,"",""
"AaveV3Polygon","Polygon",137,"Staked MATIC (PoS)","stMATIC","0x3A58a54C066FdC0f2D55FC9C89F0415C92eBf3C4",0,,0,0,0,0,false,0,0,"",""
"AaveV3Polygon","Polygon",137,"Wrapped liquid staked Ether 2.0 (PoS)","wstETH","0x03b54A6e9a984069379fae1a4fC4dBAE93B3bCCD",0.00,0.33,0,0,0,0,false,0,0,"",""
"AaveV3Scroll","Scroll",534352,"Scroll","SCR","0xd29687c813D741E2F938F4aC377128810E217b1b",0.00,0.36,0,0,0,0,false,0,0,"",""
"AaveV3Scroll","Scroll",534352,"USD Coin","USDC","0x06eFdBFf2a14a7c8E15944D1F4A48F9F95F663A4",2.70,6.41,0,0,0,0,false,0,0,"",""
"AaveV3Scroll","Scroll",534352,"Wrapped Ether","WETH","0x5300000000000000000000000000000000000004",3.29,7.40,0,0,0,0,false,0,0,"",""
"AaveV3Scroll","Scroll",534352,"Wrapped eETH","weETH","0x01f0a31698C4d065659b9bdC21B3610292a1c506",0.24,3.96,0,0,0,0,false,0,0,"",""
"AaveV3Scroll","Scroll",534352,"Wrapped liquid staked Ether 2.0","wstETH","0xf610A9dfB7C89644979b4A0f27063E9e7d7Cda32",0.08,0.36,0,0,0,0,false,0,0,"",""
"AaveV3Soneium","Soneium",1868,"Bridged USDC (Soneium)","USDC.e","0xbA9986D2381edf1DA03B0B9c1f8b00dc4AacC369",0.43,1.72,0,0,0,0,false,0,0,"",""
"AaveV3Soneium","Soneium",1868,"Tether USD","USDT","0x3A337a6adA9d885b6Ad95ec48F9b75f197b5AE35",0.98,2.61,0,0,0,0,false,0,0,"",""
"AaveV3Soneium","Soneium",1868,"Wrapped Ether","WETH","0x4200000000000000000000000000000000000006",0.00,0.09,0,0,0,0,false,0,0,"",""
"AaveV3Sonic","Sonic",146,"USDC","USDC","0x29219dd400f2Bf60E5a23d13Be72B486D4038894",4.36,6.92,"2.4999999999999396;2.4999999999999396",0,0,0,false,0,0,"",""
"AaveV3Sonic","Sonic",146,"Wrapped Ether on Sonic","WETH","0x50c42dEAcD8Fc9773493ED674b675bE577f2634b",0.01,0.20,0,0,0,0,false,0,0,"",""
"AaveV3Sonic","Sonic",146,"Beets Staked Sonic","stS","0xE5DA20F15420aD15DE0fa650600aFc998bbE3955",0,0,0,0,0,0,false,0,0,"",""
"AaveV3Sonic","Sonic",146,"Wrapped Sonic","wS","0x039e2fB66102314Ce7b64Ce5Ce3E5183bc94aD38",1.27,2.76,1.3592882357860994,0,0,0,false,0,0,"",""
"AaveV3ZkSync","zkSync",324,"USDC","USDC","0x1d17CBcF0D6D143135aE902365D2E5e2A16538D4",5.29,6.64,0,0,0,0,false,0,0,"",""
"AaveV3ZkSync","zkSync",324,"Tether USD","USDT","0x493257fD37EDB34451f62EDf8D2a0C418852bA4C",4.86,6.37,0,0,0,0,false,0,0,"",""
"AaveV3ZkSync","zkSync",324,"Wrapped Ether","WETH","0x5AEa5775959fBC2557Cc8789bC1bf90A239D9a91",1.65,2.43,0,0,0,0,false,0,0,"",""
"AaveV3ZkSync","zkSync",324,"ZKsync","ZK","0x5A7d6b2F92C77FAD6CCaBd7EE0624E64907Eaf3E",0.18,2.13,0,0,0,0,false,0,0,"",""
"AaveV3ZkSync","zkSync",324,"Staked USDe","sUSDe","0xAD17Da2f6Ac76746EF261E835C50b2651ce36DA8",0,0,0,0,0,0,false,0,0,"",""
"AaveV3ZkSync","zkSync",324,"Wrapped eETH","weETH","0xc1Fa6E2E8667d9bE0Ca938a54c7E0285E9Df924a",0,0,0,0,0,0,false,0,0,"",""
"AaveV3ZkSync","zkSync",324,"rsETHWrapper","wrsETH","0xd4169E045bcF9a86cC00101225d9ED61D2F51af2",0,0,0,0,0,0,false,0,0,"",""
"AaveV3ZkSync","zkSync",324,"Wrapped liquid staked Ether 2.0","wstETH","0x703b52F2b28fEbcB60E1372858AF5b18849FE867",0.00,0.00,0,0,0,0,false,0,0,"",""