Market Name,Chain Name,Chain ID,Token Name,Token Symbol,Token Address,Supply APY (%),Borrow APY (%),Supply Incentives (%),Borrow Incentives (%),Merit Supply (%),Merit Borrow (%),Merit Self Supply (%),Merit Self Borrow (%),Merit Borrow With Supply Requirement,Merit Supply With Borrow Requirement,Merkl Supply APR (%),Merkl Borrow APR (%),Merkl Hold APR (%),Merkl Supply Campaigns,Merkl Borrow Campaigns,Merkl Hold Campaigns,Brevis Supply APR (%),Brevis Borrow APR (%)
"AaveV3Arbitrum","Arbitrum",42161,"Aave Token","AAVE","0xba5DdD1f9d7F570dc94a51479a000E3BCE967196",0,,,,,,,,,,,,,"","","",,
"AaveV3Arbitrum","Arbitrum",42161,"Arbitrum","ARB","0x912CE59144191C1204E64559FE8253a0e49E6548",0.09,1.34,,,,,,,,,,,,"","","",,
"AaveV3Arbitrum","Arbitrum",42161,"Dai Stablecoin","DAI","0xDA10009cBd5D07dd0CeCc66161FC93D7c9000da1",2.10,4.20,,,,,,,,,,,,"","","",,
"AaveV3Arbitrum","Arbitrum",42161,"Frax","FRAX","0x17FC002b466eEc40DaE837Fc4bE5c67993ddBd6F",0.92,,,,,,,,,,,,,"","","",,
"AaveV3Arbitrum","Arbitrum",42161,"Gho Token","GHO","0x7dfF72693f6A4149b17e7C6314655f6A9F7c8B33",4.34,5.52,,,,,,,,,,,,"","","",,
"AaveV3Arbitrum","Arbitrum",42161,"ChainLink Token","LINK","0xf97f4df75117a78c1A5a0DBb814Af92458539FB4",0.01,0.32,,,,,,,,,,,,"","","",,
"AaveV3Arbitrum","Arbitrum",42161,"LUSD Stablecoin","LUSD","0x93b346b6BC2548dA6A1E7d98E9a421B42541425b",2.24,7.34,,,,,,,,,,,,"","","",,
"AaveV3Arbitrum","Arbitrum",42161,"USD Coin (USDC.e)","USDC","0xFF970A61A04b1cA14834A43f5dE4533eBDDB5CC8",2.16,7.13,,,,,,,,,,,,"","","",,
"AaveV3Arbitrum","Arbitrum",42161,"USD Coin","USDC","0xaf88d065e77c8cC2239327C5EDb3A432268e5831",3.32,4.82,,,,,,,,,,,,"","","",,
"AaveV3Arbitrum","Arbitrum",42161,"USD₮0","USD₮0","0xFd086bC7CD5C481DCC9C85ebE478A1C0b69FCbb9",2.20,3.92,,,,,,,,,,,,"","","",,
"AaveV3Arbitrum","Arbitrum",42161,"Wrapped BTC","WBTC","0x2f2a2543B76A4166549F7aaB2e75Bef0aefC5B0f",0.02,0.80,,,,,,,,,,,,"","","",,
"AaveV3Arbitrum","Arbitrum",42161,"Wrapped Ether","WETH","0x82aF49447D8a07e3bd95BD0d56f35241523fBab1",1.85,2.45,,,,,,,,,"0.4879482683723942",,,"0.4879482683723942% (12/24/2025, 09:00 PM - 01/07/2026, 09:00 PM, 5346386272619682284)","","",,
"AaveV3Arbitrum","Arbitrum",42161,"Renzo Restaked ETH","ezETH","0x2416092f143378750bb29b79eD961ab195CcEea5",0,,,,,,,,,,,,,"","","",,
"AaveV3Arbitrum","Arbitrum",42161,"Rocket Pool ETH","rETH","0xEC70Dcb4A1EFa46b8F2D97C310C9c4790ba5ffA8",0.01,0.34,,,,,,,,,,,,"","","",,
"AaveV3Arbitrum","Arbitrum",42161,"KelpDao Restaked ETH","rsETH","0x4186BFC76E2E237523CBC30FD220FE055156b41F",0,,,,,,,,,,,,,"","","",,
"AaveV3Arbitrum","Arbitrum",42161,"Arbitrum tBTC v2","tBTC","0x6c84a8f1c29108F47a79964b5Fe888D4f4D0dE40",0,,,,,,,,,,,,,"","","",,
"AaveV3Arbitrum","Arbitrum",42161,"Wrapped eETH","weETH","0x35751007a407ca6FEFfE80b3cB397736D2cf4dbe",0.00,1.01,,,,,,,,,,,,"","","",,
"AaveV3Arbitrum","Arbitrum",42161,"Wrapped liquid staked Ether 2.0","wstETH","0x5979D7b546E38E414F7E9822514be443A4800529",0.00,0.01,,,,,,,,,,,,"","","",,
"AaveV3Avalanche","Avalanche",43114,"Aave Token","AAVE.e","0x63a72806098Bd3D9520cC43356dD78afe5D386D9",0,,,,,,,,,,,,,"","","",,
"AaveV3Avalanche","Avalanche",43114,"AUSD","AUSD","0x00000000eFE302BEAA2b3e6e1b18d08D69a9012a",22.21,27.25,,,,,,,,,,,,"","","",,
"AaveV3Avalanche","Avalanche",43114,"Bitcoin","BTC.b","0x152b9d0FdC40C096757F570A51E494bd4b943E50",0.00,0.04,,,,,,,,,,,,"","","",,
"AaveV3Avalanche","Avalanche",43114,"Dai Stablecoin","DAI.e","0xd586E7F844cEa2F87f50152665BCbc2C279D8d70",1.29,3.28,,,,,,,,,,,,"","","",,
"AaveV3Avalanche","Avalanche",43114,"Euro Coin","EURC","0xC891EB4cbdEFf6e073e859e987815Ed1505c2ACD",3.39,5.10,,,,,,,,,,,,"","","",,
"AaveV3Avalanche","Avalanche",43114,"Frax","FRAX","0xD24C2Ad096400B6FBcd2ad8B24E7acBc21A1da64",13.45,,,,,,,,,,,,,"","","",,
"AaveV3Avalanche","Avalanche",43114,"Gho Token","GHO","0xfc421aD3C883Bf9E7C4f42dE845C4e4405799e73",10.74,13.21,,,,,,,,,,,,"","","",,
"AaveV3Avalanche","Avalanche",43114,"Chainlink Token","LINK.e","0x5947BB275c521040051D82396192181b413227A3",0.03,0.82,,,,,,,,,,,,"","","",,
"AaveV3Avalanche","Avalanche",43114,"USD Coin","USDC","0xB97EF9Ef8734C71904D8002F8b6Bc66Dd9c48a6E",3.67,5.07,,,,,,,,,,,,"","","",,
"AaveV3Avalanche","Avalanche",43114,"USDe","USDe","0x5d3a1Ff2b6BAb83b63cd9AD0787074081a52ef34",1.38,3.93,,,,,,,,,,,,"","","",,
"AaveV3Avalanche","Avalanche",43114,"TetherToken","USDt","0x9702230A8Ea53601f5cD2dc00fDBc13d4dF4A8c7",2.52,4.21,,,,,,,,,,,,"","","",,
"AaveV3Avalanche","Avalanche",43114,"Wrapped AVAX","WAVAX","0xB31f66AA3C1e785363F0875A1B74E27b85FD66c7",1.30,3.75,,,,,,,,,,,,"","","",,
"AaveV3Avalanche","Avalanche",43114,"Wrapped Ether","WETH.e","0x49D5c2BdFfac6CE2BFdB6640F4F80f226bc10bAB",1.83,2.47,,,,,,,,,,,,"","","",,
"AaveV3Avalanche","Avalanche",43114,"Staked AVAX","sAVAX","0x2b2C81e08f1Af8835a78Bb2A90AE924ACE0eA4bE",0,,,,,,,,,,,,,"","","",,
"AaveV3Avalanche","Avalanche",43114,"Staked USDe","sUSDe","0x211Cc4DD073734dA055fbF44a2b4667d5E5fE5d2",0,,,,,,,,,,,,,"","","",,
"AaveV3Avalanche","Avalanche",43114,"rsETHWrapper","wrsETH","0x7bFd4CA2a6Cf3A3fDDd645D10B323031afe47FF0",0,,,,,,,,,,,,,"","","",,
"AaveV3BNB","BSC",56,"BTCB Token","BTCB","0x7130d2A12B9BCbFAe4f2634d864A1Ee1Ce3Ead9c",0.01,0.75,,,,,,,,,,,,"","","",,
"AaveV3BNB","BSC",56,"PancakeSwap Token","Cake","0x0E09FaBB73Bd3Ade0a17ECC321fD13a19e81cE82",0.02,0.56,,,,,,,,,,,,"","","",,
"AaveV3BNB","BSC",56,"Ethereum Token","ETH","0x2170Ed0880ac9A755fd29B2688956BD959F933F8",0.50,1.36,,,,,,,,,,,,"","","",,
"AaveV3BNB","BSC",56,"First Digital USD","FDUSD","0xc5f0f7b66764F6ec8C8Dff7BA683102295E16409",4.01,5.63,,,,,,,,,,,,"","","",,
"AaveV3BNB","BSC",56,"USD Coin","USDC","0x8AC76a51cc950d9822D68b83fE1Ad97B32Cd580d",2.87,4.48,,,,,,,,,,,,"","","",,
"AaveV3BNB","BSC",56,"Tether USD","USDT","0x55d398326f99059fF775485246999027B3197955",2.24,3.96,,,,,,,,,,,,"","","",,
"AaveV3BNB","BSC",56,"Wrapped BNB","WBNB","0xbb4CdB9CBd36B01bD1cBaEBF2De08d9173bc095c",0.03,0.82,,,,,,,,,,,,"","","",,
"AaveV3BNB","BSC",56,"Wrapped liquid staked Ether 2.0","wstETH","0x26c5e01524d2E6280A48F2c50fF6De7e52E9611C",0.00,0.01,,,,,,,,,,,,"","","",,
"AaveV3Base","Base",8453,"Aave Token","AAVE","0x63706e401c06ac8513145b7687A14804d17f814b",0,,,,,,,,,,,,,"","","",,
"AaveV3Base","Base",8453,"EURC","EURC","0x60a3E35Cc302bFA44Cb288Bc5a4F316Fdb1adb42",1.51,3.92,,,,,,,,,,,,"","","",,
"AaveV3Base","Base",8453,"Gho Token","GHO","0x6Bb7a212910682DCFdbd5BCBb3e28FB4E8da10Ee",3.56,6.15,,,,"2.5000000000000004",,,,,,,,"","","",,
"AaveV3Base","Base",8453,"Lombard Staked Bitcoin","LBTC","0xecAc9C5F704e954931349Da37F60E39f515c11c1",0,,,,,,,,,,,,,"","","",,
"AaveV3Base","Base",8453,"USD Coin","USDC","0x833589fCD6eDb6E08f4c7C32D4f71b54bdA02913",3.62,5.92,,,,"1.999999999985597",,,,,,,,"","","",,
"AaveV3Base","Base",8453,"USD Base Coin","USDbC","0xd9aAEc86B65D86f6A7B5B1b0c42FFA531710b6CA",1.86,6.62,,,,,,,,,,,,"","","",,
"AaveV3Base","Base",8453,"Wrapped Ether","WETH","0x4200000000000000000000000000000000000006",1.46,2.20,,,,,,,,,,,,"","","",,
"AaveV3Base","Base",8453,"Coinbase Wrapped BTC","cbBTC","0xcbB7C0000aB88B473b1f5aFd9ef808440eed33Bf",0.05,1.03,,,,,,,,,,,,"","","",,
"AaveV3Base","Base",8453,"Coinbase Wrapped Staked ETH","cbETH","0x2Ae3F1Ec7F1F5012CFEab0185bfc7aa3cf0DEc22",0.02,0.64,,,,,,,,,,,,"","","",,
"AaveV3Base","Base",8453,"Renzo Restaked ETH","ezETH","0x2416092f143378750bb29b79eD961ab195CcEea5",0,,,,,,,,,,,,,"","","",,
"AaveV3Base","Base",8453,"Base tBTC v2","tBTC","0x236aa50979D5f3De3Bd1Eeb40E81137F22ab794b",0.32,2.17,,,,,,,,,,,,"","","",,
"AaveV3Base","Base",8453,"Wrapped eETH","weETH","0x04C0599Ae5A44757c0af6F9eC3b93da8976c150A",0.00,1.01,,,,,,,,,,,,"","","",,
"AaveV3Base","Base",8453,"rsETHWrapper","wrsETH","0xEDfa23602D0EC14714057867A78d01e94176BEA0",0,,,,,,,,,,,,,"","","",,
"AaveV3Base","Base",8453,"Wrapped liquid staked Ether 2.0","wstETH","0xc1CBa3fCea344f92D9239c08C0568f6F2F0ee452",0.01,0.06,,,,,,,,,,,,"","","",,
"AaveV3Celo","Celo",42220,"Celo native asset","CELO","0x471EcE3750Da237f93B8E339c536989b8978a438",0.13,1.93,,,,,,,,,,,,"","","",,
"AaveV3Celo","Celo",42220,"Mento Euro","EURm","0xD8763CBa276a3738E6DE85b4b3bF5FDed6D6cA73",3.82,5.33,,,,,,,,,,,,"","","",,
"AaveV3Celo","Celo",42220,"USDC","USDC","0xcebA9300f2b948710d2653dD7B07f33A8B32118C",3.00,4.58,,,,,,,,,,,,"","","",,
"AaveV3Celo","Celo",42220,"Mento Dollar","USDm","0x765DE816845861e75A25fCA122bb6898B8B1282a",3.23,4.90,,,,,,,,,,,,"","","",,
"AaveV3Celo","Celo",42220,"Tether USD","USD₮","0x48065fbBE25f71C9282ddf5e1cD6D6A887483D5e",0.60,2.15,,,"5.074173935390698",,"5.074173935390698",,"4.4659206964252105:multiple",,,,,"","","",,
"AaveV3Celo","Celo",42220,"Wrapped Ether (Celo native bridge)","WETH","0xD221812de1BD094f35587EE8E174B07B6167D9Af",0.00,0.07,,,"2.756785614954835",,"2.756785614954835",,,,,,,"","","",,
"AaveV3Ethereum","Ethereum",1,"1INCH Token","1INCH","0x111111111117dC0aa78b770fA6A738034120C302",0.02,0.69,,,,,,,,,,,,"","","",,
"AaveV3Ethereum","Ethereum",1,"Aave Token","AAVE","0x7Fc66500c84A76Ad7e9c93437bFc5Ac33E2DDaE9",0,,,,,,,,,,,,,"","","",,
"AaveV3Ethereum","Ethereum",1,"Balancer","BAL","0xba100000625a3754423978a60c9317c58a424e3D",0.15,6.24,,,,,,,,,,,,"","","",,
"AaveV3Ethereum","Ethereum",1,"Curve DAO Token","CRV","0xD533a949740bb3306d119CC777fa900bA034cd52",0.56,6.40,,,,,,,,,,,,"","","",,
"AaveV3Ethereum","Ethereum",1,"Dai Stablecoin","DAI","0x6B175474E89094C44Da98b954EedeAC495271d0F",2.29,4.34,,,,,,,,,,,,"","","",,
"AaveV3Ethereum","Ethereum",1,"Ethereum Name Service","ENS","0xC18360217D8F7Ab5e7c516566761Ea12Ce7F9D72",0.08,1.52,,,,,,,,,,,,"","","",,
"AaveV3Ethereum","Ethereum",1,"ETHx","ETHx","0xA35b1B31Ce002FBF2058D22F30f95D405200A15b",0.00,0.00,,,,,,,,,"0.05",,,"0.05% (12/26/2025, 04:00 AM - 01/09/2026, 04:00 AM, 4995240884211760544)","","",,
"AaveV3Ethereum","Ethereum",1,"Euro Coin","EURC","0x1aBaEA1f7C830bD89Acc67eC4af516284b1bC33c",2.54,4.41,,,,,,,,,,,,"","","",,
"AaveV3Ethereum","Ethereum",1,"Fire Bitcoin","FBTC","0xC96dE26018A54D51c097160568752c4E3BD6C364",0.00,0.51,,,,,,,,,,,,"","","",,
"AaveV3Ethereum","Ethereum",1,"Frax","FRAX","0x853d955aCEf822Db058eb8505911ED77F175b99e",43.86,,,,,,,,,,,,,"","","",,
"AaveV3Ethereum","Ethereum",1,"Gho Token","GHO","0x40D16FC0246aD3160Ccc09B8D0D3A2cD28aE6C2f",0,4.73,,,,,,,,,,,,"","","",,
"AaveV3Ethereum","Ethereum",1,"Lombard Staked Bitcoin","LBTC","0x8236a87084f8B84306f72007F36F2618A5634494",0.00,,,,,,,,,,,,,"","","",,
"AaveV3Ethereum","Ethereum",1,"Lido DAO Token","LDO","0x5A98FcBEA516Cf06857215779Fd812CA3beF1B32",0.01,0.49,,,,,,,,,,,,"","","",,
"AaveV3Ethereum","Ethereum",1,"ChainLink Token","LINK","0x514910771AF9Ca656af840dff83E8264EcF986CA",0.02,0.58,,,,,,,,,,,,"","","",,
"AaveV3Ethereum","Ethereum",1,"LUSD Stablecoin","LUSD","0x5f98805A4E8be255a32880FDeC7F6728C6568bA0",1.64,3.81,,,,,,,,,,,,"","","",,
"AaveV3Ethereum","Ethereum",1,"Maker","MKR","0x9f8F72aA9304c8B593d555F12eF6589cC3A579A2",0.00,0.04,,,,,,,,,,,,"","","",,
"AaveV3Ethereum","Ethereum",1,"PT Ethena USDe 25SEP2025","PT-USDe-25SEP2025","0xBC6736d346a5eBC0dEbc997397912CD9b8FAe10a",0,,,,,,,,,,,,,"","","",,
"AaveV3Ethereum","Ethereum",1,"PT Ethena USDe 27NOV2025","PT-USDe-27NOV2025","0x62C6E813b9589C3631Ba0Cdb013acdB8544038B7",0,,,,,,,,,,,,,"","","",,
"AaveV3Ethereum","Ethereum",1,"PT Ethena USDe 31JUL2025","PT-USDe-31JUL2025","0x917459337CaAC939D41d7493B3999f571D20D667",0,,,,,,,,,,,,,"","","",,
"AaveV3Ethereum","Ethereum",1,"PT Ethena USDe 5FEB2026","PT-USDe-5FEB2026","0x1F84a51296691320478c98b8d77f2Bbd17D34350",0,,,,,,,,,,,,,"","","",,
"AaveV3Ethereum","Ethereum",1,"PT Ethereal eUSDE 14AUG2025","PT-eUSDE-14AUG2025","0x14Bdc3A3AE09f5518b923b69489CBcAfB238e617",0,,,,,,,,,,,,,"","","",,
"AaveV3Ethereum","Ethereum",1,"PT Ethereal eUSDE 29MAY2025","PT-eUSDE-29MAY2025","0x50D2C7992b802Eef16c04FeADAB310f31866a545",0,,,,,,,,,,,,,"","","",,
"AaveV3Ethereum","Ethereum",1,"PT Ethena sUSDE 25SEP2025","PT-sUSDE-25SEP2025","0x9F56094C450763769BA0EA9Fe2876070c0fD5F77",0,,,,,,,,,,,,,"","","",,
"AaveV3Ethereum","Ethereum",1,"PT Ethena sUSDE 27NOV2025","PT-sUSDE-27NOV2025","0xe6A934089BBEe34F832060CE98848359883749B3",0,,,,,,,,,,,,,"","","",,
"AaveV3Ethereum","Ethereum",1,"PT Ethena sUSDE 31JUL2025","PT-sUSDE-31JUL2025","0x3b3fB9C57858EF816833dC91565EFcd85D96f634",0,,,,,,,,,,,,,"","","",,
"AaveV3Ethereum","Ethereum",1,"PT Ethena sUSDE 5FEB2026","PT-sUSDE-5FEB2026","0xE8483517077afa11A9B07f849cee2552f040d7b2",0,,,,,,,,,,,,,"","","",,
"AaveV3Ethereum","Ethereum",1,"PayPal USD","PYUSD","0x6c3ea9036406852006290770BEdFcAbA0e23A0e8",1.99,3.73,,,,,,,,,"3.868419990917123",,,"3.868419990917123% (12/20/2025, 12:00 AM - 01/10/2026, 12:00 AM, 11239632422704872263)","","",,
"AaveV3Ethereum","Ethereum",1,"RLUSD","RLUSD","0x8292Bb45bf1Ee4d140127049757C2E0fF06317eD",0.98,3.64,,,,,,,,,"5",,,"5% (12/17/2025, 05:00 PM - 01/07/2026, 05:00 PM, 5964547748318643931)","","",,
"AaveV3Ethereum","Ethereum",1,"Rocket Pool Protocol","RPL","0xD33526068D116cE69F19A9ee46F0bd304F21A51f",1.12,3.94,,,,,,,,,,,,"","","",,
"AaveV3Ethereum","Ethereum",1,"Synthetix Network Token","SNX","0xC011a73ee8576Fb46F5E1c5751cA3B9Fe0af2a6F",0.12,,,,,,,,,,,,,"","","",,
"AaveV3Ethereum","Ethereum",1,"Uniswap","UNI","0x1f9840a85d5aF5bf1D1762F925BDADdC4201F984",0.02,0.58,,,,,,,,,,,,"","","",,
"AaveV3Ethereum","Ethereum",1,"USD Coin","USDC","0xA0b86991c6218b36c1d19D4a2e9Eb0cE3606eB48",3.63,4.99,,,,,,,,,,,,"","","",,
"AaveV3Ethereum","Ethereum",1,"Global Dollar","USDG","0xe343167631d89B6Ffc58B88d6b7fB0228795491D",1.29,3.53,,,,,,,,,,,,"","","",,
"AaveV3Ethereum","Ethereum",1,"USDS Stablecoin","USDS","0xdC035D45d973E3EC169d2276DDab16f1e407384F",0.92,5.84,"3.60",,,,,,,,,,,"","","",,
"AaveV3Ethereum","Ethereum",1,"Tether USD","USDT","0xdAC17F958D2ee523a2206206994597C13D831ec7",2.81,4.38,,,,,,,,,,,,"","","",,
"AaveV3Ethereum","Ethereum",1,"USDe","USDe","0x4c9EDD5852cd905f086C759E8383e09bff1E68B3",1.38,3.47,,,,,,,,,"5",,,"5% (01/02/2026, 08:00 AM - 01/09/2026, 08:00 AM, 18132857133833257348)","","",,
"AaveV3Ethereum","Ethereum",1,"USDtb","USDtb","0xC139190F447e929f090Edeb554D95AbB8b18aC1C",1.38,3.50,,,,,,,,,"3.5",,,"3.5% (12/26/2025, 08:00 AM - 01/09/2026, 08:00 AM, 4539731298207135303)","","",,
"AaveV3Ethereum","Ethereum",1,"Wrapped BTC","WBTC","0x2260FAC5E5542a773Aa44fBCfeDf7C193bc2C599",0.01,0.41,,,,,,,,,,,,"","","",,
"AaveV3Ethereum","Ethereum",1,"Wrapped Ether","WETH","0xC02aaA39b223FE8D0A0e5C4F27eAD9083C756Cc2",1.22,1.99,,,,,,,,,,,,"","","",,
"AaveV3Ethereum","Ethereum",1,"Tether Gold","XAUt","0x68749665FF8D2d112Fa859AA293F07A622782F38",0,,,,,,,,,,,,,"","","",,
"AaveV3Ethereum","Ethereum",1,"Coinbase Wrapped BTC","cbBTC","0xcbB7C0000aB88B473b1f5aFd9ef808440eed33Bf",0.00,0.31,,,,,,,,,,,,"","","",,
"AaveV3Ethereum","Ethereum",1,"Coinbase Wrapped Staked ETH","cbETH","0xBe9895146f7AF43049ca1c1AE358B0541Ea49704",0.00,0.14,,,,,,,,,,,,"","","",,
"AaveV3Ethereum","Ethereum",1,"Curve.Fi USD Stablecoin","crvUSD","0xf939E0A03FB07F59A73314E73794Be0E57ac1b4E",1.87,4.07,,,,,,,,,,,,"","","",,
"AaveV3Ethereum","Ethereum",1,"ether.fi BTC","eBTC","0x657e8C867D8B37dCC18fA4Caead9C45EB088C642",0,,,,,,,,,,,,,"","","",,
"AaveV3Ethereum","Ethereum",1,"Ethereal Pre-deposit Vault","eUSDe","0x90D2af7d622ca3141efA4d8f1F24d86E5974Cc8F",0,,,,,,,,,,,,,"","","",,
"AaveV3Ethereum","Ethereum",1,"Renzo Restaked ETH","ezETH","0xbf5495Efe5DB9ce00f80364C8B423567e58d2110",0,,,,,,,,,,,,,"","","",,
"AaveV3Ethereum","Ethereum",1,"MetaMask USD","mUSD","0xacA92E438df0B2401fF60dA7E4337B687a2435DA",1.97,4.55,,,,,,,,,,,,"","","",,
"AaveV3Ethereum","Ethereum",1,"Staked ETH","osETH","0xf1C9acDc66974dFB6dEcB12aA385b9cD01190E38",0.00,0.00,,,,,,,,,,,,"","","",,
"AaveV3Ethereum","Ethereum",1,"Rocket Pool ETH","rETH","0xae78736Cd615f374D3085123A210448E74Fc6393",0.00,0.02,,,,,,,,,,,,"","","",,
"AaveV3Ethereum","Ethereum",1,"rsETH","rsETH","0xA1290d69c65A6Fe4DF752f95823fae25cB99e5A7",0.00,,,,,,,,,,,,,"","","",,
"AaveV3Ethereum","Ethereum",1,"Savings Dai","sDAI","0x83F20F44975D03b1b09e64809B757c47f942BEeA",0,,,,,,,,,,,,,"","","",,
"AaveV3Ethereum","Ethereum",1,"Staked USDe","sUSDe","0x9D39A5DE30e57443BfF2A8307A4256c8797A3497",0,,,,,,,,,,,,,"","","",,
"AaveV3Ethereum","Ethereum",1,"Syrup USDT","syrupUSDT","0x356B8d89c1e1239Cbbb9dE4815c39A1474d5BA7D",0,,,,,,,,,,,,,"","","",,
"AaveV3Ethereum","Ethereum",1,"tBTC v2","tBTC","0x18084fbA666a33d37592fA2633fD49a74DD93a88",0.01,0.43,,,,,,,,,,,,"","","",,
"AaveV3Ethereum","Ethereum",1,"Treehouse ETH","tETH","0xD11c452fc99cF405034ee446803b6F6c1F6d5ED8",0,,,,,,,,,,,,,"","","",,
"AaveV3Ethereum","Ethereum",1,"Wrapped eETH","weETH","0xCd5fE23C85820F7B72D0926FC9b05b43E359b7ee",0.00,1.01,,,,,,,,,,,,"","","",,
"AaveV3Ethereum","Ethereum",1,"Wrapped liquid staked Ether 2.0","wstETH","0x7f39C581F595B53c5cb19bD0b3f8dA6c935E2Ca0",0.01,0.14,,,,,,,,,,,,"","","",,
"AaveV3EthereumEtherFi","Ethereum",1,"Frax","FRAX","0x853d955aCEf822Db058eb8505911ED77F175b99e",2.43,4.38,,,,,,,,,,,,"","","",,
"AaveV3EthereumEtherFi","Ethereum",1,"PayPal USD","PYUSD","0x6c3ea9036406852006290770BEdFcAbA0e23A0e8",0.00,0.00,,,,,,,,,,,,"","","",,
"AaveV3EthereumEtherFi","Ethereum",1,"USD Coin","USDC","0xA0b86991c6218b36c1d19D4a2e9Eb0cE3606eB48",1.86,3.60,,,,,,,,,,,,"","","",,
"AaveV3EthereumEtherFi","Ethereum",1,"Wrapped eETH","weETH","0xCd5fE23C85820F7B72D0926FC9b05b43E359b7ee",0,,,,,,,,,,,,,"","","",,
"AaveV3EthereumLido","Ethereum",1,"Gho Token","GHO","0x40D16FC0246aD3160Ccc09B8D0D3A2cD28aE6C2f",3.15,4.64,,,,,,,,,,,,"","","",,
"AaveV3EthereumLido","Ethereum",1,"USD Coin","USDC","0xA0b86991c6218b36c1d19D4a2e9Eb0cE3606eB48",2.98,4.51,,,,,,,,,,,,"","","",,
"AaveV3EthereumLido","Ethereum",1,"USDS Stablecoin","USDS","0xdC035D45d973E3EC169d2276DDab16f1e407384F",2.06,5.21,,,,,,,,,,,,"","","",,
"AaveV3EthereumLido","Ethereum",1,"Wrapped Ether","WETH","0xC02aaA39b223FE8D0A0e5C4F27eAD9083C756Cc2",1.49,2.10,,,,,,,,,,,,"","","",,
"AaveV3EthereumLido","Ethereum",1,"Renzo Restaked ETH","ezETH","0xbf5495Efe5DB9ce00f80364C8B423567e58d2110",0,,,,,,,,,,,,,"","","",,
"AaveV3EthereumLido","Ethereum",1,"rsETH","rsETH","0xA1290d69c65A6Fe4DF752f95823fae25cB99e5A7",0,,,,,,,,,,,,,"","","",,
"AaveV3EthereumLido","Ethereum",1,"Staked USDe","sUSDe","0x9D39A5DE30e57443BfF2A8307A4256c8797A3497",0,,,,,,,,,,,,,"","","",,
"AaveV3EthereumLido","Ethereum",1,"Treehouse ETH","tETH","0xD11c452fc99cF405034ee446803b6F6c1F6d5ED8",0,,,,,,,,,,,,,"","","",,
"AaveV3EthereumLido","Ethereum",1,"Wrapped liquid staked Ether 2.0","wstETH","0x7f39C581F595B53c5cb19bD0b3f8dA6c935E2Ca0",0.03,0.15,,,,,,,,,,,,"","","",,
"AaveV3EthereumHorizon","Ethereum",1,"Gho Token","GHO","0x40D16FC0246aD3160Ccc09B8D0D3A2cD28aE6C2f",2.21,4.34,,,,,,,,,,,,"","","",,
"AaveV3EthereumHorizon","Ethereum",1,"Janus Henderson Anemoy AAA CLO Fund Token","JAAA","0x5a0F93D040De44e78F251b03c43be9CF317Dcf64",0,,,,,,,,,,,,,"","","",,
"AaveV3EthereumHorizon","Ethereum",1,"Janus Henderson Anemoy Treasury Fund","JTRSY","0x8c213ee79581Ff4984583C6a801e5263418C4b86",0,,,,,,,,,,,,,"","","",,
"AaveV3EthereumHorizon","Ethereum",1,"RLUSD","RLUSD","0x8292Bb45bf1Ee4d140127049757C2E0fF06317eD",1.75,3.33,,,,,,,,,"5.172913097764894",,,"5.172913097764894% (12/17/2025, 03:00 PM - 01/06/2026, 10:00 PM, 6370629191686882096)","","",,
"AaveV3EthereumHorizon","Ethereum",1,"Superstate Crypto Carry Fund","USCC","0x14d60E7FDC0D71d8611742720E4C50E7a974020c",0,,,,,,,,,,,,,"","","",,
"AaveV3EthereumHorizon","Ethereum",1,"USD Coin","USDC","0xA0b86991c6218b36c1d19D4a2e9Eb0cE3606eB48",5.28,7.27,,,,,,,,,,"3.5",,"","3.5% (12/30/2025, 11:00 PM - 01/13/2026, 11:00 PM, 6688766891893786461)","",,
"AaveV3EthereumHorizon","Ethereum",1,"Superstate Short Duration US Government Securities Fund","USTB","0x43415eB6ff9DB7E26A15b704e7A3eDCe97d31C4e",0,,,,,,,,,,,,,"","","",,
"AaveV3EthereumHorizon","Ethereum",1,"US Yield Coin","USYC","0x136471a34f6ef19fE571EFFC1CA711fdb8E49f2b",0,,,,,,,,,,,,,"","","",,
"AaveV3EthereumHorizon","Ethereum",1,"VanEck Treasury Fund","VBILL","0x2255718832bC9fD3bE1CaF75084F4803DA14FF01",0,,,,,,,,,,,,,"","","",,
"AaveV3Gnosis","Gnosis",100,"Monerium EUR emoney","EURe","0xcB444e90D8198415266c6a2724b7900fb12FC56E",3.43,4.90,,,,,,,,,,,,"","","",,
"AaveV3Gnosis","Gnosis",100,"Gho Token","GHO","0xfc421aD3C883Bf9E7C4f42dE845C4e4405799e73",3.31,4.76,,,,,,,,,,,,"","","",,
"AaveV3Gnosis","Gnosis",100,"Gnosis Token on xDai","GNO","0x9C58BAcC331c9aa871AFD802DB6379a98e80CEdb",0.68,4.07,,,,,,,,,,,,"","","",,
"AaveV3Gnosis","Gnosis",100,"Bridged USDC (Gnosis)","USDC.e","0x2a22f9c3b484c3629090FeED35F17Ff8F88f76F0",2.84,4.46,,,,,,,,,,,,"","","",,
"AaveV3Gnosis","Gnosis",100,"Wrapped Ether on xDai","WETH","0x6A023CCd1ff6F2045C3309768eAd9E68F978f6e1",0.67,1.49,,,,,,,,,,,,"","","",,
"AaveV3Gnosis","Gnosis",100,"Wrapped XDAI","WXDAI","0xe91D153E0b41518A2Ce8Dd3D7944Fa863463a97d",2.15,4.26,,,,,,,,,,,,"","","",,
"AaveV3Gnosis","Gnosis",100,"Savings xDAI","sDAI","0xaf204776c7245bF4147c2612BF6e5972Ee483701",0,,,,,,,,,,,,,"","","",,
"AaveV3Gnosis","Gnosis",100,"Wrapped liquid staked Ether 2.0 from Mainnet","wstETH","0x6C76971f98945AE98dD7d4DFcA8711ebea946eA6",0.00,0.13,,,,,,,,,,,,"","","",,
"AaveV3Ink","Ink",57073,"Gho Token","GHO","0xfc421aD3C883Bf9E7C4f42dE845C4e4405799e73",3.16,4.71,,,,,,,,,,,,"","","",,
"AaveV3Ink","Ink",57073,"USDC","USDC","0x2D270e6886d130D724215A266106e6832161EAEd",0.73,2.25,,,,,,,,,,,,"","","",,
"AaveV3Ink","Ink",57073,"Global Dollar","USDG","0xe343167631d89B6Ffc58B88d6b7fB0228795491D",3.05,4.91,,,,,,,,,,,,"","","",,
"AaveV3Ink","Ink",57073,"USD₮0","USD₮0","0x0200C29006150606B650577BBE7B6248F58470c1",0.92,2.52,,,,,,,,,,,,"","","",,
"AaveV3Ink","Ink",57073,"Wrapped Ether","WETH","0x4200000000000000000000000000000000000006",1.84,2.47,,,,,,,,,,,,"","","",,
"AaveV3Ink","Ink",57073,"Renzo Restaked ETH","ezETH","0x2416092f143378750bb29b79eD961ab195CcEea5",0,,,,,,,,,,,,,"","","",,
"AaveV3Ink","Ink",57073,"Kraken Wrapped Bitcoin","kBTC","0x73E0C0d45E048D25Fc26Fa3159b0aA04BfA4Db98",0.00,0.29,,,,,,,,,,,,"","","",,
"AaveV3Ink","Ink",57073,"Wrapped eETH","weETH","0xA3D68b74bF0528fdD07263c60d6488749044914b",0,,,,,,,,,,,,,"","","",,
"AaveV3Ink","Ink",57073,"rsETHWrapper","wrsETH","0x9f0a74A92287E323Eb95c1cd9eCdBEb0e397cAe4",0,,,,,,,,,,,,,"","","",,
"AaveV3Linea","Linea",59144,"USDC","USDC","0x176211869cA2b568f2A7D4EE941E073a821EE1ff",3.63,5.04,,,,,,,,,,,,"","","",,
"AaveV3Linea","Linea",59144,"Tether USD","USDT","0xA219439258ca9da29E9Cc4cE5596924745e12B93",2.36,4.06,,,,,,,,,,,,"","","",,
"AaveV3Linea","Linea",59144,"Wrapped BTC","WBTC","0x3aAB2285ddcDdaD8edf438C1bAB47e1a9D05a9b4",0.05,1.25,,,,,,,,,,,,"","","",,
"AaveV3Linea","Linea",59144,"Wrapped Ether","WETH","0xe5D7C2a44FfDDf6b295A15c148167daaAf5Cf34f",1.92,2.53,,,,,,,,,,,,"","","",,
"AaveV3Linea","Linea",59144,"Renzo Restaked ETH","ezETH","0x2416092f143378750bb29b79eD961ab195CcEea5",0,,,,,,,,,,,,,"","","",,
"AaveV3Linea","Linea",59144,"MetaMask USD","mUSD","0xacA92E438df0B2401fF60dA7E4337B687a2435DA",0.79,2.87,,,,,,,,,,,,"","","",,
"AaveV3Linea","Linea",59144,"Wrapped eETH","weETH","0x1Bf74C010E6320bab11e2e5A532b5AC15e0b8aA6",0,,,,,,,,,,,,,"","","",,
"AaveV3Linea","Linea",59144,"rsETHWrapper","wrsETH","0xD2671165570f41BBB3B0097893300b6EB6101E6C",0,,,,,,,,,,,,,"","","",,
"AaveV3Linea","Linea",59144,"Wrapped liquid staked Ether 2.0","wstETH","0xB5beDd42000b71FddE22D3eE8a79Bd49A568fC8F",0.00,0.15,,,,,,,,,,,,"","","",,
"AaveV3Metis","Metis",1088,"Metis Token","Metis","0xDeadDeAddeAddEAddeadDEaDDEAdDeaDDeAD0000",0.69,3.62,,,,,,,,,,,,"","","",,
"AaveV3Metis","Metis",1088,"Ether","WETH","0x420000000000000000000000000000000000000A",0.12,1.33,,,,,,,,,,,,"","","",,
"AaveV3Metis","Metis",1088,"DAI Token","m.DAI","0x4c078361FC9BbB78DF910800A991C7c3DD2F6ce0",0.00,0.13,,,,,,,,,,,,"","","",,
"AaveV3Metis","Metis",1088,"USDC Token","m.USDC","0xEA32A96608495e54156Ae48931A7c20f0dcc1a21",4.86,6.11,,,,,,,,,,,,"","","",,
"AaveV3Metis","Metis",1088,"USDT Token","m.USDT","0xbB06DCA3AE6887fAbF931640f67cab3e3a16F4dC",1.91,3.81,,,,,,,,,,,,"","","",,
"AaveV3Optimism","Optimism",10,"Aave Token","AAVE","0x76FB31fb4af56892A25e32cFC43De717950c9278",0,,,,,,,,,,,,,"","","",,
"AaveV3Optimism","Optimism",10,"Dai Stablecoin","DAI","0xDA10009cBd5D07dd0CeCc66161FC93D7c9000da1",3.63,5.53,,,,,,,,,,,,"","","",,
"AaveV3Optimism","Optimism",10,"ChainLink Token","LINK","0x350a791Bfc2C21F9Ed5d10980Dad2e2638ffa7f6",0.01,0.33,,,,,,,,,,,,"","","",,
"AaveV3Optimism","Optimism",10,"LUSD Stablecoin","LUSD","0xc40F949F8a4e094D1b49a23ea9241D289B7b2819",1.66,6.03,,,,,,,,,,,,"","","",,
"AaveV3Optimism","Optimism",10,"Optimism","OP","0x4200000000000000000000000000000000000042",0.02,0.69,,,,,,,,,,,,"","","",,
"AaveV3Optimism","Optimism",10,"USD Coin (USDC.e)","USDC","0x7F5c764cBc14f9669B88837ca1490cCa17c31607",1.79,6.49,,,,,,,,,,,,"","","",,
"AaveV3Optimism","Optimism",10,"USD Coin","USDC","0x0b2C639c533813f4Aa9D7837CAf62653d097Ff85",2.80,4.43,,,,,,,,,,,,"","","",,
"AaveV3Optimism","Optimism",10,"Tether USD","USDT","0x94b008aA00579c1307B0EF2c499aD98a8ce58e58",2.06,3.79,,,,,,,,,,,,"","","",,
"AaveV3Optimism","Optimism",10,"Wrapped BTC","WBTC","0x68f180fcCe6836688e9084f035309E29Bf0A2095",0.02,0.74,,,,,,,,,,,,"","","",,
"AaveV3Optimism","Optimism",10,"Wrapped Ether","WETH","0x4200000000000000000000000000000000000006",0.95,1.77,,,,,,,,,,,,"","","",,
"AaveV3Optimism","Optimism",10,"Rocket Pool ETH","rETH","0x9Bcef72be871e61ED4fBbc7630889beE758eb81D",0.00,0.01,,,,,,,,,,,,"","","",,
"AaveV3Optimism","Optimism",10,"Synth sUSD","sUSD","0x8c6f28f2F1A3C87F0f938b96d27520d9751ec8d9",3.58,,,,,,,,,,,,,"","","",,
"AaveV3Optimism","Optimism",10,"Wrapped liquid staked Ether 2.0","wstETH","0x1F32b1c2345538c0c6f582fCB022739c4A194Ebb",0.00,0.32,,,,,,,,,,,,"","","",,
"AaveV3Plasma","Plasma",9745,"PT Ethena USDe 15JAN2026","PT-USDe-15JAN2026","0x93B544c330F60A2aa05ceD87aEEffB8D38FD8c9a",0,,,,,,,,,,,,,"","","",,
"AaveV3Plasma","Plasma",9745,"PT Ethena sUSDE 15JAN2026","PT-sUSDE-15JAN2026","0x02FCC4989B4C9D435b7ceD3fE1Ba4CF77BBb5Dd8",0,,,,,,,,,,,,,"","","",,
"AaveV3Plasma","Plasma",9745,"USDT0","USDT0","0xB8CE59FC3717ada4C02eaDF9682A9e934F625ebb",3.51,4.77,,,,,,,,,"0.9196905318614396","2.044760310160082",,"0.9196905318614396% (12/04/2025, 08:00 PM - 01/15/2026, 08:00 PM, 16364793202953999984)","1.022380155080041% (12/04/2025, 08:00 PM - 01/15/2026, 08:00 PM, 61805878361666393); 1.022380155080041% (12/18/2025, 08:00 PM - 01/15/2026, 08:00 PM, 9465786058415221564)","",,
"AaveV3Plasma","Plasma",9745,"USDe","USDe","0x5d3a1Ff2b6BAb83b63cd9AD0787074081a52ef34",1.12,3.22,,,,,,,,,"5",,,"5% (01/02/2026, 08:00 AM - 01/09/2026, 08:00 AM, 3176181009725626720)","","",,
"AaveV3Plasma","Plasma",9745,"WETH","WETH","0x9895D81bB462A195b4922ED7De0e3ACD007c32CB",1.76,2.39,,,,,,,,,"0.9677990345414905",,,"0.9677990345414905% (12/04/2025, 08:00 PM - 01/15/2026, 08:00 PM, 18196938144971173471)","","",,
"AaveV3Plasma","Plasma",9745,"Wrapped XPL","WXPL","0x6100E367285b01F48D07953803A2d8dCA5D19873",0,,,,,,,,,,,,,"","","",,
"AaveV3Plasma","Plasma",9745,"XAUt0","XAUt0","0x1B64B9025EEbb9A6239575dF9Ea4b9Ac46D4d193",0,,,,,,,,,,,,,"","","",,
"AaveV3Plasma","Plasma",9745,"Staked USDe","sUSDe","0x211Cc4DD073734dA055fbF44a2b4667d5E5fE5d2",0,,,,,,,,,,,,,"","","",,
"AaveV3Plasma","Plasma",9745,"Syrup USDT","syrupUSDT","0xC4374775489CB9C56003BF2C9b12495fC64F0771",0,,,,,,,,,,,,,"","","",,
"AaveV3Plasma","Plasma",9745,"Wrapped eETH","weETH","0xA3D68b74bF0528fdD07263c60d6488749044914b",0,,,,,,,,,,"0.1191591792777199;0.09770412552979335",,,"0.1191591792777199% (12/04/2025, 08:00 PM - 01/15/2026, 08:00 PM, 7477281772290040159); 0.09770412552979335% (12/04/2025, 08:00 PM - 01/15/2026, 08:00 PM, 7307447420779598021)","","",,
"AaveV3Plasma","Plasma",9745,"rsETHWrapper","wrsETH","0xe561FE05C39075312Aa9Bc6af79DdaE981461359",0,,,,,,,,,,,,,"","","",,
"AaveV3Polygon","Polygon",137,"Aave (PoS)","AAVE","0xD6DF932A45C0f255f85145f286eA0b292B21C90B",0,,,,,,,,,,,,,"","","",,
"AaveV3Polygon","Polygon",137,"(PoS) Dai Stablecoin","DAI","0x8f3Cf7ad23Cd3CaDbD9735AFf958023239c6A063",3.47,6.97,,,,,,,,,,,,"","","",,
"AaveV3Polygon","Polygon",137,"STASIS EURS Token (PoS)","EURS","0xE111178A87A3BFf0c8d18DECBa5798827539Ae99",2.85,9.43,,,,,,,,,,,,"","","",,
"AaveV3Polygon","Polygon",137,"Aavegotchi GHST Token (PoS)","GHST","0x385Eeac5cB85A38A9a07A70c73e0a3271CfB54A7",0.00,,,,,,,,,,,,,"","","",,
"AaveV3Polygon","Polygon",137,"ChainLink Token","LINK","0x53E0bca35eC356BD5ddDFebbD1Fc0fD03FaBad39",0.02,0.58,,,,,,,,,,,,"","","",,
"AaveV3Polygon","Polygon",137,"Liquid Staking Matic (PoS)","MaticX","0xfa68FB4628DFF1028CFEc22b4162FCcd0d45efb6",0.00,,,,,,,,,,,,,"","","",,
"AaveV3Polygon","Polygon",137,"USD Coin (PoS)","USDC","0x2791Bca1f2de4661ED88A30C99A7a9449Aa84174",3.15,9.73,,,,,,,,,,,,"","","",,
"AaveV3Polygon","Polygon",137,"USD Coin","USDC","0x3c499c542cEF5E3811e1192ce70d8cC03d5c3359",2.96,6.23,,,,,,,,,,,,"","","",,
"AaveV3Polygon","Polygon",137,"USDT0","USDT0","0xc2132D05D31c914a87C6611C10748AEb04B58e8F",2.94,6.42,,,,,,,,,,,,"","","",,
"AaveV3Polygon","Polygon",137,"(PoS) Wrapped BTC","WBTC","0x1BFD67037B42Cf73acF2047067bd4F2C47D9BfD6",0.01,0.63,,,,,,,,,,,,"","","",,
"AaveV3Polygon","Polygon",137,"Wrapped Ether","WETH","0x7ceB23fD6bC0adD59E62ac25578270cFf1b9f619",0.54,1.99,,,,,,,,,,,,"","","",,
"AaveV3Polygon","Polygon",137,"Wrapped Polygon Ecosystem Token","WPOL","0x0d500B1d8E8eF31E21C99d1Db9A6444d3ADf1270",0.63,2.32,,,,,,,,,,,,"","","",,
"AaveV3Polygon","Polygon",137,"Wrapped liquid staked Ether 2.0 (PoS)","wstETH","0x03b54A6e9a984069379fae1a4fC4dBAE93B3bCCD",0.01,0.52,,,,,,,,,,,,"","","",,
"AaveV3Scroll","Scroll",534352,"Scroll","SCR","0xd29687c813D741E2F938F4aC377128810E217b1b",0.00,0.33,,,,,,,,,,,,"","","",,
"AaveV3Scroll","Scroll",534352,"USD Coin","USDC","0x06eFdBFf2a14a7c8E15944D1F4A48F9F95F663A4",7.41,16.73,,,,,,,,,,,,"","","",,
"AaveV3Scroll","Scroll",534352,"Wrapped Ether","WETH","0x5300000000000000000000000000000000000004",0.46,1.61,,,,,,,,,,,,"","","",,
"AaveV3Scroll","Scroll",534352,"Wrapped eETH","weETH","0x01f0a31698C4d065659b9bdC21B3610292a1c506",0.00,1.07,,,,,,,,,,,,"","","",,
"AaveV3Scroll","Scroll",534352,"Wrapped liquid staked Ether 2.0","wstETH","0xf610A9dfB7C89644979b4A0f27063E9e7d7Cda32",0.00,0.06,,,,,,,,,,,,"","","",,
"AaveV3Soneium","Soneium",1868,"Bridged USDC (Soneium)","USDC.e","0xbA9986D2381edf1DA03B0B9c1f8b00dc4AacC369",0.30,1.43,,,,,,,,,,,,"","","",,
"AaveV3Soneium","Soneium",1868,"Tether USD","USDT","0x3A337a6adA9d885b6Ad95ec48F9b75f197b5AE35",0.45,1.77,,,,,,,,,,,,"","","",,
"AaveV3Soneium","Soneium",1868,"Wrapped Ether","WETH","0x4200000000000000000000000000000000000006",0.00,0.07,,,,,,,,,,,,"","","",,
"AaveV3Sonic","Sonic",146,"USDC","USDC","0x29219dd400f2Bf60E5a23d13Be72B486D4038894",1.33,3.80,,,,,,,,,,"2",,"","2% (12/19/2025, 06:00 PM - 01/16/2026, 06:00 PM, 13503346772661206225)","",,
"AaveV3Sonic","Sonic",146,"Wrapped Ether on Sonic","WETH","0x50c42dEAcD8Fc9773493ED674b675bE577f2634b",0.00,0.03,,,,,,,,,,,,"","","",,
"AaveV3Sonic","Sonic",146,"Beets Staked Sonic","stS","0xE5DA20F15420aD15DE0fa650600aFc998bbE3955",0,,,,,,,,,,,,,"","","",,
"AaveV3Sonic","Sonic",146,"Wrapped Sonic","wS","0x039e2fB66102314Ce7b64Ce5Ce3E5183bc94aD38",1.08,2.54,,,,,,,,,,,,"","","",,
"AaveV3ZkSync","zkSync",324,"USDC","USDC","0x1d17CBcF0D6D143135aE902365D2E5e2A16538D4",4.20,5.47,,,,,,,,,,,,"","","",,
"AaveV3ZkSync","zkSync",324,"Tether USD","USDT","0x493257fD37EDB34451f62EDf8D2a0C418852bA4C",4.08,5.35,,,,,,,,,,,,"","","",,
"AaveV3ZkSync","zkSync",324,"Wrapped Ether","WETH","0x5AEa5775959fBC2557Cc8789bC1bf90A239D9a91",0.64,1.46,,,,,,,,,,,,"","","",,
"AaveV3ZkSync","zkSync",324,"ZKsync","ZK","0x5A7d6b2F92C77FAD6CCaBd7EE0624E64907Eaf3E",0.03,0.79,,,,,,,,,,,,"","","",,
"AaveV3ZkSync","zkSync",324,"Staked USDe","sUSDe","0xAD17Da2f6Ac76746EF261E835C50b2651ce36DA8",0,,,,,,,,,,,,,"","","",,
"AaveV3ZkSync","zkSync",324,"Wrapped eETH","weETH","0xc1Fa6E2E8667d9bE0Ca938a54c7E0285E9Df924a",0,,,,,,,,,,,,,"","","",,
"AaveV3ZkSync","zkSync",324,"rsETHWrapper","wrsETH","0xd4169E045bcF9a86cC00101225d9ED61D2F51af2",0,,,,,,,,,,,,,"","","",,
"AaveV3ZkSync","zkSync",324,"Wrapped liquid staked Ether 2.0","wstETH","0x703b52F2b28fEbcB60E1372858AF5b18849FE867",0.00,0.00,,,,,,,,,,,,"","","",,